2026-05-28 04:23:27,155  INFO      run_sync — ▶ starting sf sync…
2026-05-28 04:23:27,634  INFO      sf_sync — salesforce sync starting — discovering all fields…
2026-05-28 04:23:27,943  INFO      httpx — HTTP Request: POST https://zuddl.my.salesforce.com/services/oauth2/token "HTTP/1.1 200 OK"
2026-05-28 04:23:27,945  INFO      sf_sync — sf auth: client_credentials flow ✓
2026-05-28 04:23:27,945  INFO      sf_sync — authenticated → https://zuddl.my.salesforce.com
2026-05-28 04:23:28,280  INFO      httpx — HTTP Request: GET https://zuddl.my.salesforce.com/services/data/v59.0/sobjects/Account/describe "HTTP/1.1 200 OK"
2026-05-28 04:23:28,296  INFO      sf_sync — sf describe Account → 329 fields
2026-05-28 04:23:28,582  INFO      httpx — HTTP Request: GET https://zuddl.my.salesforce.com/services/data/v59.0/sobjects/Opportunity/describe "HTTP/1.1 200 OK"
2026-05-28 04:23:28,596  INFO      sf_sync — sf describe Opportunity → 397 fields
2026-05-28 04:23:28,881  INFO      httpx — HTTP Request: GET https://zuddl.my.salesforce.com/services/data/v59.0/sobjects/Contact/describe "HTTP/1.1 200 OK"
2026-05-28 04:23:28,892  INFO      sf_sync — sf describe Contact → 280 fields
2026-05-28 04:23:29,020  INFO      httpx — HTTP Request: GET https://zuddl.my.salesforce.com/services/data/v59.0/query?q=SELECT+Id%2C+AnnualRevenue%2C+BillingCity%2C+BillingCountry%2C+Description%2C+Industry%2C+Name%2C+NumberOfEmployees%2C+Type%2C+Website%2C+IsDeleted%2C+MasterRecordId%2C+ParentId%2C+BillingStreet%2C+BillingState%2C+BillingPostalCode%2C+BillingStateCode%2C+BillingCountryCode%2C+BillingLatitude%2C+BillingLongitude%2C+BillingGeocodeAccuracy%2C+ShippingStreet%2C+ShippingCity%2C+ShippingState%2C+ShippingPostalCode%2C+ShippingCountry%2C+ShippingStateCode%2C+ShippingCountryCode%2C+ShippingLatitude%2C+ShippingLongitude%2C+ShippingGeocodeAccuracy%2C+Phone%2C+PhotoUrl%2C+OwnerId%2C+CreatedDate%2C+CreatedById%2C+LastModifiedDate%2C+LastModifiedById%2C+SystemModstamp%2C+LastActivityDate%2C+LastViewedDate%2C+LastReferencedDate%2C+Jigsaw%2C+JigsawCompanyId%2C+AccountSource%2C+SicDesc%2C+OperatingHoursId%2C+Domain_Name__c%2C+G2_Buyer_Intent_Details__c%2C+Total_Revenue__c%2C+Number_of_open_deals__c%2C+Total_open_deal_value__c%2C+Number_of_Associated_Deals__c%2C+Target_Account__c%2C+SalesLoft1__Active_Account__c%2C+SalesLoft1__SalesLoft_Domain__c%2C+X18_digit_Account_Id__c%2C+Event_2024__c%2C+ICP_category__c%2C+If_not_an_ICP__c%2C+G2_Signals_by_Segment__c%2C+G2_Pricing_page_Viewed__c%2C+Owner_Tag_for_D_B__c%2C+Account_Tier__c%2C+Conference_Ticketing__c%2C+Tier_LDR_checked__c%2C+Gong__Gong_Count__c%2C+Event_2025_LDR__c%2C+Account_Segment__c%2C+Use_Case_2025__c%2C+Total_Contract_Value_TCV__c%2C+Product_Purchased__c%2C+Support_Plan__c%2C+Payment_Terms__c%2C+Base_Platform_Fee__c%2C+Conference_Licences__c%2C+Field_Licences__c%2C+Digital_Licences__c%2C+Unified_Licences__c%2C+Collaborator_Licences__c+FROM+Account+WHERE+IsDeleted+%3D+false "HTTP/1.1 400 Bad Request"
2026-05-28 04:23:29,021  WARNING   sf_sync — sf: removing inaccessible field 'AnnualRevenue' from query
2026-05-28 04:23:29,558  INFO      httpx — HTTP Request: GET https://zuddl.my.salesforce.com/services/data/v59.0/query?q=SELECT+Id%2C+BillingCity%2C+BillingCountry%2C+Description%2C+Industry%2C+Name%2C+NumberOfEmployees%2C+Type%2C+Website%2C+IsDeleted%2C+MasterRecordId%2C+ParentId%2C+BillingStreet%2C+BillingState%2C+BillingPostalCode%2C+BillingStateCode%2C+BillingCountryCode%2C+BillingLatitude%2C+BillingLongitude%2C+BillingGeocodeAccuracy%2C+ShippingStreet%2C+ShippingCity%2C+ShippingState%2C+ShippingPostalCode%2C+ShippingCountry%2C+ShippingStateCode%2C+ShippingCountryCode%2C+ShippingLatitude%2C+ShippingLongitude%2C+ShippingGeocodeAccuracy%2C+Phone%2C+PhotoUrl%2C+OwnerId%2C+CreatedDate%2C+CreatedById%2C+LastModifiedDate%2C+LastModifiedById%2C+SystemModstamp%2C+LastActivityDate%2C+LastViewedDate%2C+LastReferencedDate%2C+Jigsaw%2C+JigsawCompanyId%2C+AccountSource%2C+SicDesc%2C+OperatingHoursId%2C+Domain_Name__c%2C+G2_Buyer_Intent_Details__c%2C+Total_Revenue__c%2C+Number_of_open_deals__c%2C+Total_open_deal_value__c%2C+Number_of_Associated_Deals__c%2C+Target_Account__c%2C+SalesLoft1__Active_Account__c%2C+SalesLoft1__SalesLoft_Domain__c%2C+X18_digit_Account_Id__c%2C+Event_2024__c%2C+ICP_category__c%2C+If_not_an_ICP__c%2C+G2_Signals_by_Segment__c%2C+G2_Pricing_page_Viewed__c%2C+Owner_Tag_for_D_B__c%2C+Account_Tier__c%2C+Conference_Ticketing__c%2C+Tier_LDR_checked__c%2C+Gong__Gong_Count__c%2C+Event_2025_LDR__c%2C+Account_Segment__c%2C+Use_Case_2025__c%2C+Total_Contract_Value_TCV__c%2C+Product_Purchased__c%2C+Support_Plan__c%2C+Payment_Terms__c%2C+Base_Platform_Fee__c%2C+Conference_Licences__c%2C+Field_Licences__c%2C+Digital_Licences__c%2C+Unified_Licences__c%2C+Collaborator_Licences__c+FROM+Account+WHERE+IsDeleted+%3D+false "HTTP/1.1 200 OK"
2026-05-28 04:23:29,973  INFO      httpx — HTTP Request: GET https://zuddl.my.salesforce.com/services/data/v59.0/query/0r8xx5VbTxkya2jAKA-500 "HTTP/1.1 200 OK"
2026-05-28 04:23:30,454  INFO      httpx — HTTP Request: GET https://zuddl.my.salesforce.com/services/data/v59.0/query/0r8xx5VbTxkya2jAKA-1000 "HTTP/1.1 200 OK"
2026-05-28 04:23:31,096  INFO      httpx — HTTP Request: GET https://zuddl.my.salesforce.com/services/data/v59.0/query/0r8xx5VbTxkya2jAKA-1500 "HTTP/1.1 200 OK"
2026-05-28 04:23:31,482  INFO      httpx — HTTP Request: GET https://zuddl.my.salesforce.com/services/data/v59.0/query/0r8xx5VbTxkya2jAKA-2000 "HTTP/1.1 200 OK"
2026-05-28 04:23:31,989  INFO      httpx — HTTP Request: GET https://zuddl.my.salesforce.com/services/data/v59.0/query/0r8xx5VbTxkya2jAKA-2500 "HTTP/1.1 200 OK"
2026-05-28 04:23:32,460  INFO      httpx — HTTP Request: GET https://zuddl.my.salesforce.com/services/data/v59.0/query/0r8xx5VbTxkya2jAKA-3000 "HTTP/1.1 200 OK"
2026-05-28 04:23:33,040  INFO      httpx — HTTP Request: GET https://zuddl.my.salesforce.com/services/data/v59.0/query/0r8xx5VbTxkya2jAKA-3500 "HTTP/1.1 200 OK"
2026-05-28 04:23:33,450  INFO      httpx — HTTP Request: GET https://zuddl.my.salesforce.com/services/data/v59.0/query/0r8xx5VbTxkya2jAKA-4000 "HTTP/1.1 200 OK"
2026-05-28 04:23:33,964  INFO      httpx — HTTP Request: GET https://zuddl.my.salesforce.com/services/data/v59.0/query/0r8xx5VbTxkya2jAKA-4500 "HTTP/1.1 200 OK"
2026-05-28 04:23:34,350  INFO      httpx — HTTP Request: GET https://zuddl.my.salesforce.com/services/data/v59.0/query/0r8xx5VbTxkya2jAKA-5000 "HTTP/1.1 200 OK"
2026-05-28 04:23:34,753  INFO      httpx — HTTP Request: GET https://zuddl.my.salesforce.com/services/data/v59.0/query/0r8xx5VbTxkya2jAKA-5500 "HTTP/1.1 200 OK"
2026-05-28 04:23:35,242  INFO      httpx — HTTP Request: GET https://zuddl.my.salesforce.com/services/data/v59.0/query/0r8xx5VbTxkya2jAKA-6000 "HTTP/1.1 200 OK"
2026-05-28 04:23:35,674  INFO      httpx — HTTP Request: GET https://zuddl.my.salesforce.com/services/data/v59.0/query/0r8xx5VbTxkya2jAKA-6500 "HTTP/1.1 200 OK"
2026-05-28 04:23:36,150  INFO      httpx — HTTP Request: GET https://zuddl.my.salesforce.com/services/data/v59.0/query/0r8xx5VbTxkya2jAKA-7000 "HTTP/1.1 200 OK"
2026-05-28 04:23:36,830  INFO      httpx — HTTP Request: GET https://zuddl.my.salesforce.com/services/data/v59.0/query/0r8xx5VbTxkya2jAKA-7500 "HTTP/1.1 200 OK"
2026-05-28 04:23:37,343  INFO      httpx — HTTP Request: GET https://zuddl.my.salesforce.com/services/data/v59.0/query/0r8xx5VbTxkya2jAKA-8000 "HTTP/1.1 200 OK"
2026-05-28 04:23:37,851  INFO      httpx — HTTP Request: GET https://zuddl.my.salesforce.com/services/data/v59.0/query/0r8xx5VbTxkya2jAKA-8500 "HTTP/1.1 200 OK"
2026-05-28 04:23:38,300  INFO      httpx — HTTP Request: GET https://zuddl.my.salesforce.com/services/data/v59.0/query/0r8xx5VbTxkya2jAKA-9000 "HTTP/1.1 200 OK"
2026-05-28 04:23:38,877  INFO      httpx — HTTP Request: GET https://zuddl.my.salesforce.com/services/data/v59.0/query/0r8xx5VbTxkya2jAKA-9500 "HTTP/1.1 200 OK"
2026-05-28 04:23:39,388  INFO      httpx — HTTP Request: GET https://zuddl.my.salesforce.com/services/data/v59.0/query/0r8xx5VbTxkya2jAKA-10000 "HTTP/1.1 200 OK"
2026-05-28 04:23:39,901  INFO      httpx — HTTP Request: GET https://zuddl.my.salesforce.com/services/data/v59.0/query/0r8xx5VbTxkya2jAKA-10500 "HTTP/1.1 200 OK"
2026-05-28 04:23:40,415  INFO      httpx — HTTP Request: GET https://zuddl.my.salesforce.com/services/data/v59.0/query/0r8xx5VbTxkya2jAKA-11000 "HTTP/1.1 200 OK"
2026-05-28 04:23:40,924  INFO      httpx — HTTP Request: GET https://zuddl.my.salesforce.com/services/data/v59.0/query/0r8xx5VbTxkya2jAKA-11500 "HTTP/1.1 200 OK"
2026-05-28 04:23:41,411  INFO      httpx — HTTP Request: GET https://zuddl.my.salesforce.com/services/data/v59.0/query/0r8xx5VbTxkya2jAKA-12000 "HTTP/1.1 200 OK"
2026-05-28 04:23:41,949  INFO      httpx — HTTP Request: GET https://zuddl.my.salesforce.com/services/data/v59.0/query/0r8xx5VbTxkya2jAKA-12500 "HTTP/1.1 200 OK"
2026-05-28 04:23:42,462  INFO      httpx — HTTP Request: GET https://zuddl.my.salesforce.com/services/data/v59.0/query/0r8xx5VbTxkya2jAKA-13000 "HTTP/1.1 200 OK"
2026-05-28 04:23:42,945  INFO      httpx — HTTP Request: GET https://zuddl.my.salesforce.com/services/data/v59.0/query/0r8xx5VbTxkya2jAKA-13500 "HTTP/1.1 200 OK"
2026-05-28 04:23:43,457  INFO      httpx — HTTP Request: GET https://zuddl.my.salesforce.com/services/data/v59.0/query/0r8xx5VbTxkya2jAKA-14000 "HTTP/1.1 200 OK"
2026-05-28 04:23:43,921  INFO      httpx — HTTP Request: GET https://zuddl.my.salesforce.com/services/data/v59.0/query/0r8xx5VbTxkya2jAKA-14500 "HTTP/1.1 200 OK"
2026-05-28 04:23:44,368  INFO      httpx — HTTP Request: GET https://zuddl.my.salesforce.com/services/data/v59.0/query/0r8xx5VbTxkya2jAKA-15000 "HTTP/1.1 200 OK"
2026-05-28 04:23:44,917  INFO      httpx — HTTP Request: GET https://zuddl.my.salesforce.com/services/data/v59.0/query/0r8xx5VbTxkya2jAKA-15500 "HTTP/1.1 200 OK"
2026-05-28 04:23:45,309  INFO      httpx — HTTP Request: GET https://zuddl.my.salesforce.com/services/data/v59.0/query/0r8xx5VbTxkya2jAKA-16000 "HTTP/1.1 200 OK"
2026-05-28 04:23:45,765  INFO      httpx — HTTP Request: GET https://zuddl.my.salesforce.com/services/data/v59.0/query/0r8xx5VbTxkya2jAKA-16500 "HTTP/1.1 200 OK"
2026-05-28 04:23:46,206  INFO      httpx — HTTP Request: GET https://zuddl.my.salesforce.com/services/data/v59.0/query/0r8xx5VbTxkya2jAKA-17000 "HTTP/1.1 200 OK"
2026-05-28 04:23:46,764  INFO      httpx — HTTP Request: GET https://zuddl.my.salesforce.com/services/data/v59.0/query/0r8xx5VbTxkya2jAKA-17500 "HTTP/1.1 200 OK"
2026-05-28 04:23:47,199  INFO      httpx — HTTP Request: GET https://zuddl.my.salesforce.com/services/data/v59.0/query/0r8xx5VbTxkya2jAKA-18000 "HTTP/1.1 200 OK"
2026-05-28 04:23:47,788  INFO      httpx — HTTP Request: GET https://zuddl.my.salesforce.com/services/data/v59.0/query/0r8xx5VbTxkya2jAKA-18500 "HTTP/1.1 200 OK"
2026-05-28 04:23:48,229  INFO      httpx — HTTP Request: GET https://zuddl.my.salesforce.com/services/data/v59.0/query/0r8xx5VbTxkya2jAKA-19000 "HTTP/1.1 200 OK"
2026-05-28 04:23:48,812  INFO      httpx — HTTP Request: GET https://zuddl.my.salesforce.com/services/data/v59.0/query/0r8xx5VbTxkya2jAKA-19500 "HTTP/1.1 200 OK"
2026-05-28 04:23:49,215  INFO      httpx — HTTP Request: GET https://zuddl.my.salesforce.com/services/data/v59.0/query/0r8xx5VbTxkya2jAKA-20000 "HTTP/1.1 200 OK"
2026-05-28 04:23:49,676  INFO      httpx — HTTP Request: GET https://zuddl.my.salesforce.com/services/data/v59.0/query/0r8xx5VbTxkya2jAKA-20500 "HTTP/1.1 200 OK"
2026-05-28 04:23:50,057  INFO      httpx — HTTP Request: GET https://zuddl.my.salesforce.com/services/data/v59.0/query/0r8xx5VbTxkya2jAKA-21000 "HTTP/1.1 200 OK"
2026-05-28 04:23:50,497  INFO      httpx — HTTP Request: GET https://zuddl.my.salesforce.com/services/data/v59.0/query/0r8xx5VbTxkya2jAKA-21500 "HTTP/1.1 200 OK"
2026-05-28 04:23:50,961  INFO      httpx — HTTP Request: GET https://zuddl.my.salesforce.com/services/data/v59.0/query/0r8xx5VbTxkya2jAKA-22000 "HTTP/1.1 200 OK"
2026-05-28 04:23:51,333  INFO      httpx — HTTP Request: GET https://zuddl.my.salesforce.com/services/data/v59.0/query/0r8xx5VbTxkya2jAKA-22500 "HTTP/1.1 200 OK"
2026-05-28 04:23:51,787  INFO      httpx — HTTP Request: GET https://zuddl.my.salesforce.com/services/data/v59.0/query/0r8xx5VbTxkya2jAKA-23000 "HTTP/1.1 200 OK"
2026-05-28 04:23:52,243  INFO      httpx — HTTP Request: GET https://zuddl.my.salesforce.com/services/data/v59.0/query/0r8xx5VbTxkya2jAKA-23500 "HTTP/1.1 200 OK"
2026-05-28 04:23:52,741  INFO      httpx — HTTP Request: GET https://zuddl.my.salesforce.com/services/data/v59.0/query/0r8xx5VbTxkya2jAKA-24000 "HTTP/1.1 200 OK"
2026-05-28 04:23:53,215  INFO      httpx — HTTP Request: GET https://zuddl.my.salesforce.com/services/data/v59.0/query/0r8xx5VbTxkya2jAKA-24500 "HTTP/1.1 200 OK"
2026-05-28 04:23:53,623  INFO      httpx — HTTP Request: GET https://zuddl.my.salesforce.com/services/data/v59.0/query/0r8xx5VbTxkya2jAKA-25000 "HTTP/1.1 200 OK"
2026-05-28 04:23:54,110  INFO      httpx — HTTP Request: GET https://zuddl.my.salesforce.com/services/data/v59.0/query/0r8xx5VbTxkya2jAKA-25500 "HTTP/1.1 200 OK"
2026-05-28 04:23:54,647  INFO      httpx — HTTP Request: GET https://zuddl.my.salesforce.com/services/data/v59.0/query/0r8xx5VbTxkya2jAKA-26000 "HTTP/1.1 200 OK"
2026-05-28 04:23:55,074  INFO      httpx — HTTP Request: GET https://zuddl.my.salesforce.com/services/data/v59.0/query/0r8xx5VbTxkya2jAKA-26500 "HTTP/1.1 200 OK"
2026-05-28 04:23:55,567  INFO      httpx — HTTP Request: GET https://zuddl.my.salesforce.com/services/data/v59.0/query/0r8xx5VbTxkya2jAKA-27000 "HTTP/1.1 200 OK"
2026-05-28 04:23:55,696  INFO      sf_sync — sf: fetched 27421 accounts (batch 1 / 80 fields)
2026-05-28 04:23:55,996  INFO      httpx — HTTP Request: GET https://zuddl.my.salesforce.com/services/data/v59.0/query?q=SELECT+Id%2C+License_Notes__c%2C+Tags_for_upload__c%2C+Company_type__c%2C+Revenue_range__c%2C+Region__c%2C+Domain__c%2C+LDR_responsible__c%2C+Intent_Bucket__c%2C+Event_Type_intent__c%2C+Relevant_Event_Link_1__c%2C+Relevant_Event_Link_2__c%2C+Relevant_Event_Link_3__c%2C+Number_of_attendees_intent__c%2C+of_events__c%2C+Last_Event_Date__c%2C+Future_Event_Date__c%2C+Salesloft_update__c%2C+Platform_used_if_others__c%2C+Plan_Type_Product__c%2C+Plan_Start_Date__c%2C+Plan_End_Date__c%2C+Team_Size_of_attendees__c%2C+of_attendees_registrations__c%2C+Cloud_Storage_Size_in_GB__c%2C+CSM_owner__c%2C+G2_Category_Pageviews__c%2C+G2_Comparison_Pageviews__c%2C+G2_Competitors_Pageviews__c%2C+G2_Last_Seen_At__c%2C+G2_Market_Score__c%2C+Platform_used__c%2C+Add_ons__c%2C+G2_Organisation_Domain__c%2C+G2_Organisation_Name__c%2C+G2_Pages_Viewed__c%2C+G2_Product_Profile_Pageviews__c%2C+G2_Sponsored_Content_Pageviews__c%2C+G2_Total_Pageviews__c%2C+ICP__c%2C+SDR_owner_change_date__c%2C+LID__LinkedIn_Company_Id__c%2C+Category__c%2C+Funding_range_LDR__c%2C+Enriched_on_date__c%2C+Focus_account__c%2C+Disco_booked_on__c%2C+Disco_scheduled_on__c%2C+Disco_scheduled_for__c%2C+Disco_booked_by__c%2C+Disco_comments__c%2C+Disco_status__c%2C+Contract_Period__c%2C+Current_contract_value__c%2C+Factors_ai_Domain__c%2C+Factors_ai_Industry__c%2C+Factors_ai_visited_Page_URL__c%2C+Factors_ai_Region__c%2C+Factors_ai_Country__c%2C+Factors_ai_Revenue_Range__c%2C+Annual_Conference_Link__c%2C+Upcoming_Webinars__c%2C+Account_Enriched_on__c%2C+Name_of_third_party_events__c%2C+Platform_for_Webinars__c%2C+Platforms_used_for__c%2C+Factors_Top_engagement_signals__c%2C+Factors_ai_Intent_date__c%2C+TAM_Segment__c%2C+Annual_Conference_Date__c%2C+Annual_conference_in_days__c%2C+Annual_conference_month__c%2C+Webinar_Self_Serve_Signup__c%2C+Plan_Type__c%2C+Webinar_self_serve_signup_date__c%2C+ABM__c%2C+Account_Status__c%2C+Factors_last_intent_date__c%2C+one_of_the_account_fields_updated__c%2C+Account_Research__c+FROM+Account+WHERE+IsDeleted+%3D+false "HTTP/1.1 200 OK"
2026-05-28 04:23:56,318  INFO      httpx — HTTP Request: GET https://zuddl.my.salesforce.com/services/data/v59.0/query/0r8xx5VbUCvjduzA0A-250 "HTTP/1.1 200 OK"
2026-05-28 04:23:56,614  INFO      httpx — HTTP Request: GET https://zuddl.my.salesforce.com/services/data/v59.0/query/0r8xx5VbUCvjduzA0A-500 "HTTP/1.1 200 OK"
2026-05-28 04:23:56,925  INFO      httpx — HTTP Request: GET https://zuddl.my.salesforce.com/services/data/v59.0/query/0r8xx5VbUCvjduzA0A-750 "HTTP/1.1 200 OK"
2026-05-28 04:23:57,310  INFO      httpx — HTTP Request: GET https://zuddl.my.salesforce.com/services/data/v59.0/query/0r8xx5VbUCvjduzA0A-1000 "HTTP/1.1 200 OK"
2026-05-28 04:23:57,582  INFO      httpx — HTTP Request: GET https://zuddl.my.salesforce.com/services/data/v59.0/query/0r8xx5VbUCvjduzA0A-1250 "HTTP/1.1 200 OK"
2026-05-28 04:23:57,866  INFO      httpx — HTTP Request: GET https://zuddl.my.salesforce.com/services/data/v59.0/query/0r8xx5VbUCvjduzA0A-1500 "HTTP/1.1 200 OK"
2026-05-28 04:23:58,166  INFO      httpx — HTTP Request: GET https://zuddl.my.salesforce.com/services/data/v59.0/query/0r8xx5VbUCvjduzA0A-1750 "HTTP/1.1 200 OK"
2026-05-28 04:23:58,475  INFO      httpx — HTTP Request: GET https://zuddl.my.salesforce.com/services/data/v59.0/query/0r8xx5VbUCvjduzA0A-2000 "HTTP/1.1 200 OK"
2026-05-28 04:23:58,846  INFO      httpx — HTTP Request: GET https://zuddl.my.salesforce.com/services/data/v59.0/query/0r8xx5VbUCvjduzA0A-2250 "HTTP/1.1 200 OK"
2026-05-28 04:23:59,128  INFO      httpx — HTTP Request: GET https://zuddl.my.salesforce.com/services/data/v59.0/query/0r8xx5VbUCvjduzA0A-2500 "HTTP/1.1 200 OK"
2026-05-28 04:23:59,431  INFO      httpx — HTTP Request: GET https://zuddl.my.salesforce.com/services/data/v59.0/query/0r8xx5VbUCvjduzA0A-2750 "HTTP/1.1 200 OK"
2026-05-28 04:23:59,713  INFO      httpx — HTTP Request: GET https://zuddl.my.salesforce.com/services/data/v59.0/query/0r8xx5VbUCvjduzA0A-3000 "HTTP/1.1 200 OK"
2026-05-28 04:23:59,954  INFO      httpx — HTTP Request: GET https://zuddl.my.salesforce.com/services/data/v59.0/query/0r8xx5VbUCvjduzA0A-3250 "HTTP/1.1 200 OK"
2026-05-28 04:24:00,254  INFO      httpx — HTTP Request: GET https://zuddl.my.salesforce.com/services/data/v59.0/query/0r8xx5VbUCvjduzA0A-3500 "HTTP/1.1 200 OK"
2026-05-28 04:24:00,687  INFO      httpx — HTTP Request: GET https://zuddl.my.salesforce.com/services/data/v59.0/query/0r8xx5VbUCvjduzA0A-3750 "HTTP/1.1 200 OK"
2026-05-28 04:24:00,931  INFO      httpx — HTTP Request: GET https://zuddl.my.salesforce.com/services/data/v59.0/query/0r8xx5VbUCvjduzA0A-4000 "HTTP/1.1 200 OK"
2026-05-28 04:24:01,180  INFO      httpx — HTTP Request: GET https://zuddl.my.salesforce.com/services/data/v59.0/query/0r8xx5VbUCvjduzA0A-4250 "HTTP/1.1 200 OK"
2026-05-28 04:24:01,420  INFO      httpx — HTTP Request: GET https://zuddl.my.salesforce.com/services/data/v59.0/query/0r8xx5VbUCvjduzA0A-4500 "HTTP/1.1 200 OK"
2026-05-28 04:24:01,676  INFO      httpx — HTTP Request: GET https://zuddl.my.salesforce.com/services/data/v59.0/query/0r8xx5VbUCvjduzA0A-4750 "HTTP/1.1 200 OK"
2026-05-28 04:24:01,952  INFO      httpx — HTTP Request: GET https://zuddl.my.salesforce.com/services/data/v59.0/query/0r8xx5VbUCvjduzA0A-5000 "HTTP/1.1 200 OK"
2026-05-28 04:24:02,224  INFO      httpx — HTTP Request: GET https://zuddl.my.salesforce.com/services/data/v59.0/query/0r8xx5VbUCvjduzA0A-5250 "HTTP/1.1 200 OK"
2026-05-28 04:24:02,467  INFO      httpx — HTTP Request: GET https://zuddl.my.salesforce.com/services/data/v59.0/query/0r8xx5VbUCvjduzA0A-5500 "HTTP/1.1 200 OK"
2026-05-28 04:24:02,762  INFO      httpx — HTTP Request: GET https://zuddl.my.salesforce.com/services/data/v59.0/query/0r8xx5VbUCvjduzA0A-5750 "HTTP/1.1 200 OK"
2026-05-28 04:24:03,010  INFO      httpx — HTTP Request: GET https://zuddl.my.salesforce.com/services/data/v59.0/query/0r8xx5VbUCvjduzA0A-6000 "HTTP/1.1 200 OK"
2026-05-28 04:24:03,283  INFO      httpx — HTTP Request: GET https://zuddl.my.salesforce.com/services/data/v59.0/query/0r8xx5VbUCvjduzA0A-6250 "HTTP/1.1 200 OK"
2026-05-28 04:24:03,569  INFO      httpx — HTTP Request: GET https://zuddl.my.salesforce.com/services/data/v59.0/query/0r8xx5VbUCvjduzA0A-6500 "HTTP/1.1 200 OK"
2026-05-28 04:24:03,881  INFO      httpx — HTTP Request: GET https://zuddl.my.salesforce.com/services/data/v59.0/query/0r8xx5VbUCvjduzA0A-6750 "HTTP/1.1 200 OK"
2026-05-28 04:24:04,303  INFO      httpx — HTTP Request: GET https://zuddl.my.salesforce.com/services/data/v59.0/query/0r8xx5VbUCvjduzA0A-7000 "HTTP/1.1 200 OK"
2026-05-28 04:24:04,586  INFO      httpx — HTTP Request: GET https://zuddl.my.salesforce.com/services/data/v59.0/query/0r8xx5VbUCvjduzA0A-7250 "HTTP/1.1 200 OK"
2026-05-28 04:24:04,903  INFO      httpx — HTTP Request: GET https://zuddl.my.salesforce.com/services/data/v59.0/query/0r8xx5VbUCvjduzA0A-7500 "HTTP/1.1 200 OK"
2026-05-28 04:24:05,264  INFO      httpx — HTTP Request: GET https://zuddl.my.salesforce.com/services/data/v59.0/query/0r8xx5VbUCvjduzA0A-7750 "HTTP/1.1 200 OK"
2026-05-28 04:24:05,641  INFO      httpx — HTTP Request: GET https://zuddl.my.salesforce.com/services/data/v59.0/query/0r8xx5VbUCvjduzA0A-8000 "HTTP/1.1 200 OK"
2026-05-28 04:24:06,045  INFO      httpx — HTTP Request: GET https://zuddl.my.salesforce.com/services/data/v59.0/query/0r8xx5VbUCvjduzA0A-8250 "HTTP/1.1 200 OK"
2026-05-28 04:24:06,397  INFO      httpx — HTTP Request: GET https://zuddl.my.salesforce.com/services/data/v59.0/query/0r8xx5VbUCvjduzA0A-8500 "HTTP/1.1 200 OK"
2026-05-28 04:24:07,046  INFO      httpx — HTTP Request: GET https://zuddl.my.salesforce.com/services/data/v59.0/query/0r8xx5VbUCvjduzA0A-8750 "HTTP/1.1 200 OK"
2026-05-28 04:24:07,400  INFO      httpx — HTTP Request: GET https://zuddl.my.salesforce.com/services/data/v59.0/query/0r8xx5VbUCvjduzA0A-9000 "HTTP/1.1 200 OK"
2026-05-28 04:24:07,814  INFO      httpx — HTTP Request: GET https://zuddl.my.salesforce.com/services/data/v59.0/query/0r8xx5VbUCvjduzA0A-9250 "HTTP/1.1 200 OK"
2026-05-28 04:24:08,142  INFO      httpx — HTTP Request: GET https://zuddl.my.salesforce.com/services/data/v59.0/query/0r8xx5VbUCvjduzA0A-9500 "HTTP/1.1 200 OK"
2026-05-28 04:24:08,531  INFO      httpx — HTTP Request: GET https://zuddl.my.salesforce.com/services/data/v59.0/query/0r8xx5VbUCvjduzA0A-9750 "HTTP/1.1 200 OK"
2026-05-28 04:24:08,882  INFO      httpx — HTTP Request: GET https://zuddl.my.salesforce.com/services/data/v59.0/query/0r8xx5VbUCvjduzA0A-10000 "HTTP/1.1 200 OK"
2026-05-28 04:24:09,230  INFO      httpx — HTTP Request: GET https://zuddl.my.salesforce.com/services/data/v59.0/query/0r8xx5VbUCvjduzA0A-10250 "HTTP/1.1 200 OK"
2026-05-28 04:24:09,590  INFO      httpx — HTTP Request: GET https://zuddl.my.salesforce.com/services/data/v59.0/query/0r8xx5VbUCvjduzA0A-10500 "HTTP/1.1 200 OK"
2026-05-28 04:24:09,911  INFO      httpx — HTTP Request: GET https://zuddl.my.salesforce.com/services/data/v59.0/query/0r8xx5VbUCvjduzA0A-10750 "HTTP/1.1 200 OK"
2026-05-28 04:24:10,249  INFO      httpx — HTTP Request: GET https://zuddl.my.salesforce.com/services/data/v59.0/query/0r8xx5VbUCvjduzA0A-11000 "HTTP/1.1 200 OK"
2026-05-28 04:24:10,653  INFO      httpx — HTTP Request: GET https://zuddl.my.salesforce.com/services/data/v59.0/query/0r8xx5VbUCvjduzA0A-11250 "HTTP/1.1 200 OK"
2026-05-28 04:24:10,986  INFO      httpx — HTTP Request: GET https://zuddl.my.salesforce.com/services/data/v59.0/query/0r8xx5VbUCvjduzA0A-11500 "HTTP/1.1 200 OK"
2026-05-28 04:24:11,334  INFO      httpx — HTTP Request: GET https://zuddl.my.salesforce.com/services/data/v59.0/query/0r8xx5VbUCvjduzA0A-11750 "HTTP/1.1 200 OK"
2026-05-28 04:24:11,723  INFO      httpx — HTTP Request: GET https://zuddl.my.salesforce.com/services/data/v59.0/query/0r8xx5VbUCvjduzA0A-12000 "HTTP/1.1 200 OK"
2026-05-28 04:24:12,170  INFO      httpx — HTTP Request: GET https://zuddl.my.salesforce.com/services/data/v59.0/query/0r8xx5VbUCvjduzA0A-12250 "HTTP/1.1 200 OK"
2026-05-28 04:24:12,528  INFO      httpx — HTTP Request: GET https://zuddl.my.salesforce.com/services/data/v59.0/query/0r8xx5VbUCvjduzA0A-12500 "HTTP/1.1 200 OK"
2026-05-28 04:24:12,987  INFO      httpx — HTTP Request: GET https://zuddl.my.salesforce.com/services/data/v59.0/query/0r8xx5VbUCvjduzA0A-12750 "HTTP/1.1 200 OK"
2026-05-28 04:24:13,295  INFO      httpx — HTTP Request: GET https://zuddl.my.salesforce.com/services/data/v59.0/query/0r8xx5VbUCvjduzA0A-13000 "HTTP/1.1 200 OK"
2026-05-28 04:24:13,664  INFO      httpx — HTTP Request: GET https://zuddl.my.salesforce.com/services/data/v59.0/query/0r8xx5VbUCvjduzA0A-13250 "HTTP/1.1 200 OK"
2026-05-28 04:24:14,015  INFO      httpx — HTTP Request: GET https://zuddl.my.salesforce.com/services/data/v59.0/query/0r8xx5VbUCvjduzA0A-13500 "HTTP/1.1 200 OK"
2026-05-28 04:24:14,378  INFO      httpx — HTTP Request: GET https://zuddl.my.salesforce.com/services/data/v59.0/query/0r8xx5VbUCvjduzA0A-13750 "HTTP/1.1 200 OK"
2026-05-28 04:24:14,695  INFO      httpx — HTTP Request: GET https://zuddl.my.salesforce.com/services/data/v59.0/query/0r8xx5VbUCvjduzA0A-14000 "HTTP/1.1 200 OK"
2026-05-28 04:24:15,076  INFO      httpx — HTTP Request: GET https://zuddl.my.salesforce.com/services/data/v59.0/query/0r8xx5VbUCvjduzA0A-14250 "HTTP/1.1 200 OK"
2026-05-28 04:24:15,383  INFO      httpx — HTTP Request: GET https://zuddl.my.salesforce.com/services/data/v59.0/query/0r8xx5VbUCvjduzA0A-14500 "HTTP/1.1 200 OK"
2026-05-28 04:24:15,857  INFO      httpx — HTTP Request: GET https://zuddl.my.salesforce.com/services/data/v59.0/query/0r8xx5VbUCvjduzA0A-14750 "HTTP/1.1 200 OK"
2026-05-28 04:24:16,195  INFO      httpx — HTTP Request: GET https://zuddl.my.salesforce.com/services/data/v59.0/query/0r8xx5VbUCvjduzA0A-15000 "HTTP/1.1 200 OK"
2026-05-28 04:24:16,524  INFO      httpx — HTTP Request: GET https://zuddl.my.salesforce.com/services/data/v59.0/query/0r8xx5VbUCvjduzA0A-15250 "HTTP/1.1 200 OK"
2026-05-28 04:24:16,828  INFO      httpx — HTTP Request: GET https://zuddl.my.salesforce.com/services/data/v59.0/query/0r8xx5VbUCvjduzA0A-15500 "HTTP/1.1 200 OK"
2026-05-28 04:24:17,146  INFO      httpx — HTTP Request: GET https://zuddl.my.salesforce.com/services/data/v59.0/query/0r8xx5VbUCvjduzA0A-15750 "HTTP/1.1 200 OK"
2026-05-28 04:24:17,501  INFO      httpx — HTTP Request: GET https://zuddl.my.salesforce.com/services/data/v59.0/query/0r8xx5VbUCvjduzA0A-16000 "HTTP/1.1 200 OK"
2026-05-28 04:24:17,864  INFO      httpx — HTTP Request: GET https://zuddl.my.salesforce.com/services/data/v59.0/query/0r8xx5VbUCvjduzA0A-16250 "HTTP/1.1 200 OK"
2026-05-28 04:24:18,233  INFO      httpx — HTTP Request: GET https://zuddl.my.salesforce.com/services/data/v59.0/query/0r8xx5VbUCvjduzA0A-16500 "HTTP/1.1 200 OK"
2026-05-28 04:24:18,718  INFO      httpx — HTTP Request: GET https://zuddl.my.salesforce.com/services/data/v59.0/query/0r8xx5VbUCvjduzA0A-16750 "HTTP/1.1 200 OK"
2026-05-28 04:24:19,016  INFO      httpx — HTTP Request: GET https://zuddl.my.salesforce.com/services/data/v59.0/query/0r8xx5VbUCvjduzA0A-17000 "HTTP/1.1 200 OK"
2026-05-28 04:24:19,389  INFO      httpx — HTTP Request: GET https://zuddl.my.salesforce.com/services/data/v59.0/query/0r8xx5VbUCvjduzA0A-17250 "HTTP/1.1 200 OK"
2026-05-28 04:24:19,718  INFO      httpx — HTTP Request: GET https://zuddl.my.salesforce.com/services/data/v59.0/query/0r8xx5VbUCvjduzA0A-17500 "HTTP/1.1 200 OK"
2026-05-28 04:24:20,071  INFO      httpx — HTTP Request: GET https://zuddl.my.salesforce.com/services/data/v59.0/query/0r8xx5VbUCvjduzA0A-17750 "HTTP/1.1 200 OK"
2026-05-28 04:24:20,424  INFO      httpx — HTTP Request: GET https://zuddl.my.salesforce.com/services/data/v59.0/query/0r8xx5VbUCvjduzA0A-18000 "HTTP/1.1 200 OK"
2026-05-28 04:24:20,756  INFO      httpx — HTTP Request: GET https://zuddl.my.salesforce.com/services/data/v59.0/query/0r8xx5VbUCvjduzA0A-18250 "HTTP/1.1 200 OK"
2026-05-28 04:24:21,057  INFO      httpx — HTTP Request: GET https://zuddl.my.salesforce.com/services/data/v59.0/query/0r8xx5VbUCvjduzA0A-18500 "HTTP/1.1 200 OK"
2026-05-28 04:24:21,492  INFO      httpx — HTTP Request: GET https://zuddl.my.salesforce.com/services/data/v59.0/query/0r8xx5VbUCvjduzA0A-18750 "HTTP/1.1 200 OK"
2026-05-28 04:24:21,830  INFO      httpx — HTTP Request: GET https://zuddl.my.salesforce.com/services/data/v59.0/query/0r8xx5VbUCvjduzA0A-19000 "HTTP/1.1 200 OK"
2026-05-28 04:24:22,182  INFO      httpx — HTTP Request: GET https://zuddl.my.salesforce.com/services/data/v59.0/query/0r8xx5VbUCvjduzA0A-19250 "HTTP/1.1 200 OK"
2026-05-28 04:24:22,482  INFO      httpx — HTTP Request: GET https://zuddl.my.salesforce.com/services/data/v59.0/query/0r8xx5VbUCvjduzA0A-19500 "HTTP/1.1 200 OK"
2026-05-28 04:24:22,839  INFO      httpx — HTTP Request: GET https://zuddl.my.salesforce.com/services/data/v59.0/query/0r8xx5VbUCvjduzA0A-19750 "HTTP/1.1 200 OK"
2026-05-28 04:24:23,150  INFO      httpx — HTTP Request: GET https://zuddl.my.salesforce.com/services/data/v59.0/query/0r8xx5VbUCvjduzA0A-20000 "HTTP/1.1 200 OK"
2026-05-28 04:24:23,472  INFO      httpx — HTTP Request: GET https://zuddl.my.salesforce.com/services/data/v59.0/query/0r8xx5VbUCvjduzA0A-20250 "HTTP/1.1 200 OK"
2026-05-28 04:24:23,796  INFO      httpx — HTTP Request: GET https://zuddl.my.salesforce.com/services/data/v59.0/query/0r8xx5VbUCvjduzA0A-20500 "HTTP/1.1 200 OK"
2026-05-28 04:24:24,135  INFO      httpx — HTTP Request: GET https://zuddl.my.salesforce.com/services/data/v59.0/query/0r8xx5VbUCvjduzA0A-20750 "HTTP/1.1 200 OK"
2026-05-28 04:24:24,489  INFO      httpx — HTTP Request: GET https://zuddl.my.salesforce.com/services/data/v59.0/query/0r8xx5VbUCvjduzA0A-21000 "HTTP/1.1 200 OK"
2026-05-28 04:24:24,818  INFO      httpx — HTTP Request: GET https://zuddl.my.salesforce.com/services/data/v59.0/query/0r8xx5VbUCvjduzA0A-21250 "HTTP/1.1 200 OK"
2026-05-28 04:24:25,178  INFO      httpx — HTTP Request: GET https://zuddl.my.salesforce.com/services/data/v59.0/query/0r8xx5VbUCvjduzA0A-21500 "HTTP/1.1 200 OK"
2026-05-28 04:24:25,541  INFO      httpx — HTTP Request: GET https://zuddl.my.salesforce.com/services/data/v59.0/query/0r8xx5VbUCvjduzA0A-21750 "HTTP/1.1 200 OK"
2026-05-28 04:24:25,824  INFO      httpx — HTTP Request: GET https://zuddl.my.salesforce.com/services/data/v59.0/query/0r8xx5VbUCvjduzA0A-22000 "HTTP/1.1 200 OK"
2026-05-28 04:24:26,198  INFO      httpx — HTTP Request: GET https://zuddl.my.salesforce.com/services/data/v59.0/query/0r8xx5VbUCvjduzA0A-22250 "HTTP/1.1 200 OK"
2026-05-28 04:24:26,602  INFO      httpx — HTTP Request: GET https://zuddl.my.salesforce.com/services/data/v59.0/query/0r8xx5VbUCvjduzA0A-22500 "HTTP/1.1 200 OK"
2026-05-28 04:24:26,952  INFO      httpx — HTTP Request: GET https://zuddl.my.salesforce.com/services/data/v59.0/query/0r8xx5VbUCvjduzA0A-22750 "HTTP/1.1 200 OK"
2026-05-28 04:24:27,292  INFO      httpx — HTTP Request: GET https://zuddl.my.salesforce.com/services/data/v59.0/query/0r8xx5VbUCvjduzA0A-23000 "HTTP/1.1 200 OK"
2026-05-28 04:24:27,614  INFO      httpx — HTTP Request: GET https://zuddl.my.salesforce.com/services/data/v59.0/query/0r8xx5VbUCvjduzA0A-23250 "HTTP/1.1 200 OK"
2026-05-28 04:24:27,940  INFO      httpx — HTTP Request: GET https://zuddl.my.salesforce.com/services/data/v59.0/query/0r8xx5VbUCvjduzA0A-23500 "HTTP/1.1 200 OK"
2026-05-28 04:24:28,273  INFO      httpx — HTTP Request: GET https://zuddl.my.salesforce.com/services/data/v59.0/query/0r8xx5VbUCvjduzA0A-23750 "HTTP/1.1 200 OK"
2026-05-28 04:24:28,603  INFO      httpx — HTTP Request: GET https://zuddl.my.salesforce.com/services/data/v59.0/query/0r8xx5VbUCvjduzA0A-24000 "HTTP/1.1 200 OK"
2026-05-28 04:24:28,906  INFO      httpx — HTTP Request: GET https://zuddl.my.salesforce.com/services/data/v59.0/query/0r8xx5VbUCvjduzA0A-24250 "HTTP/1.1 200 OK"
2026-05-28 04:24:29,258  INFO      httpx — HTTP Request: GET https://zuddl.my.salesforce.com/services/data/v59.0/query/0r8xx5VbUCvjduzA0A-24500 "HTTP/1.1 200 OK"
2026-05-28 04:24:29,596  INFO      httpx — HTTP Request: GET https://zuddl.my.salesforce.com/services/data/v59.0/query/0r8xx5VbUCvjduzA0A-24750 "HTTP/1.1 200 OK"
2026-05-28 04:24:29,912  INFO      httpx — HTTP Request: GET https://zuddl.my.salesforce.com/services/data/v59.0/query/0r8xx5VbUCvjduzA0A-25000 "HTTP/1.1 200 OK"
2026-05-28 04:24:30,266  INFO      httpx — HTTP Request: GET https://zuddl.my.salesforce.com/services/data/v59.0/query/0r8xx5VbUCvjduzA0A-25250 "HTTP/1.1 200 OK"
2026-05-28 04:24:30,603  INFO      httpx — HTTP Request: GET https://zuddl.my.salesforce.com/services/data/v59.0/query/0r8xx5VbUCvjduzA0A-25500 "HTTP/1.1 200 OK"
2026-05-28 04:24:30,977  INFO      httpx — HTTP Request: GET https://zuddl.my.salesforce.com/services/data/v59.0/query/0r8xx5VbUCvjduzA0A-25750 "HTTP/1.1 200 OK"
2026-05-28 04:24:31,321  INFO      httpx — HTTP Request: GET https://zuddl.my.salesforce.com/services/data/v59.0/query/0r8xx5VbUCvjduzA0A-26000 "HTTP/1.1 200 OK"
2026-05-28 04:24:31,691  INFO      httpx — HTTP Request: GET https://zuddl.my.salesforce.com/services/data/v59.0/query/0r8xx5VbUCvjduzA0A-26250 "HTTP/1.1 200 OK"
2026-05-28 04:24:32,007  INFO      httpx — HTTP Request: GET https://zuddl.my.salesforce.com/services/data/v59.0/query/0r8xx5VbUCvjduzA0A-26500 "HTTP/1.1 200 OK"
2026-05-28 04:24:32,358  INFO      httpx — HTTP Request: GET https://zuddl.my.salesforce.com/services/data/v59.0/query/0r8xx5VbUCvjduzA0A-26750 "HTTP/1.1 200 OK"
2026-05-28 04:24:32,734  INFO      httpx — HTTP Request: GET https://zuddl.my.salesforce.com/services/data/v59.0/query/0r8xx5VbUCvjduzA0A-27000 "HTTP/1.1 200 OK"
2026-05-28 04:24:33,018  INFO      httpx — HTTP Request: GET https://zuddl.my.salesforce.com/services/data/v59.0/query/0r8xx5VbUCvjduzA0A-27250 "HTTP/1.1 200 OK"
2026-05-28 04:24:33,232  INFO      sf_sync — sf: merged extra batch of 80 fields
2026-05-28 04:24:33,696  INFO      httpx — HTTP Request: GET https://zuddl.my.salesforce.com/services/data/v59.0/query?q=SELECT+Id%2C+ABM_reachout_strategy__c%2C+G2_intent_date__c%2C+Dummy_for_upload__c%2C+Field_Marketing_Event__c%2C+Engagement_Score_from_Factors_ai__c%2C+Factors_Enriched__c%2C+Source_6sense__c%2C+Linkedin_URL__c%2C+Factors_Engagement_Level__c%2C+G2_review__c%2C+Written_testimonial__c%2C+Video_testimonial__c%2C+Case_study__c%2C+Use_case_expansion__c%2C+Feature_usage_expansion__c%2C+Raving_Fan_Score__c%2C+Use_Case_2024__c%2C+Add_ons_new__c%2C+Is_Active_Customer__c%2C+G2_review_or_case_study__c%2C+Months_Into_Contract__c%2C+Social_Engagement_Type__c%2C+Number_of_Field_Events__c%2C+Number_of_Field_Event_Marketers__c%2C+Competitor_Stack__c%2C+Number_of_Webinars__c%2C+No_of_3rd_party_events_year__c%2C+Event_roles_Absent__c%2C+Data_Stale__c%2C+Updated_by_Flow__c%2C+Factors_Account_Summary__c%2C+Account_Fit_Score__c%2C+Nrev_Enriched__c%2C+Last_Feedback_Call__c%2C+Last_Meeting_Date__c%2C+Next_Meeting_Date__c%2C+Potential_Use_Case_Expansions__c%2C+Primary_CS_Ops__c%2C+Secondary_CS_Ops__c%2C+Stage__c%2C+Contract_Term_Years__c%2C+Conference_Name__c%2C+Platform_Package__c%2C+X1st_party_Engagement_Score__c%2C+Last_Funding_date__c%2C+Highperformr_Funding_Date__c%2C+Highperformr_Last_Interaction_Time__c%2C+Onboarding_Completed__c%2C+Specific_Roles_Hiring_for__c%2C+X3rd_Party_Engagement_Score__c%2C+X2nd_party_Engagement_Score__c%2C+Normalized_Engagement_Score__c%2C+Trigger_refresh__c%2C+Social_Mention__c%2C+Hiring_for_Event_Roles__c%2C+Expansion_Candidate__c%2C+Inactive_90_days__c%2C+Composite_ABM_Score__c%2C+Has_Open_Opps__c%2C+Has_Active_New_or_Existing_Opp__c%2C+Has_Active_Renewal_Opp__c%2C+Has_Closed_Lost_Renewal_Opp__c%2C+Account_Status_Rank__c%2C+Ops_testing_text__c%2C+Ops_testing__c%2C+Plan_end_date_90_days__c%2C+Disco_Booked_On_180_Days__c%2C+Has_closed_lost_Dead_lost_Opp__c%2C+Latest_Funding_Round__c%2C+Field_Event_Hosted_Type__c%2C+Field_Event_Reasoning__c%2C+Company_Description__c%2C+Third_Party_Events_Type__c%2C+Third_Party_Reasoning__c%2C+Annual_Conference_Reasoning__c%2C+Expansion_Opps_Open_Count__c%2C+Has_Open_Expansion_Opp__c%2C+Sales_Notes__c%2C+Competitor_Stack_Nrev__c+FROM+Account+WHERE+IsDeleted+%3D+false "HTTP/1.1 200 OK"
2026-05-28 04:24:34,052  INFO      httpx — HTTP Request: GET https://zuddl.my.salesforce.com/services/data/v59.0/query/0r8xx5VbUZ6Jh0qA0C-200 "HTTP/1.1 200 OK"
2026-05-28 04:24:34,395  INFO      httpx — HTTP Request: GET https://zuddl.my.salesforce.com/services/data/v59.0/query/0r8xx5VbUZ6Jh0qA0C-400 "HTTP/1.1 200 OK"
2026-05-28 04:24:34,793  INFO      httpx — HTTP Request: GET https://zuddl.my.salesforce.com/services/data/v59.0/query/0r8xx5VbUZ6Jh0qA0C-600 "HTTP/1.1 200 OK"
2026-05-28 04:24:35,188  INFO      httpx — HTTP Request: GET https://zuddl.my.salesforce.com/services/data/v59.0/query/0r8xx5VbUZ6Jh0qA0C-800 "HTTP/1.1 200 OK"
2026-05-28 04:24:35,531  INFO      httpx — HTTP Request: GET https://zuddl.my.salesforce.com/services/data/v59.0/query/0r8xx5VbUZ6Jh0qA0C-1000 "HTTP/1.1 200 OK"
2026-05-28 04:24:35,906  INFO      httpx — HTTP Request: GET https://zuddl.my.salesforce.com/services/data/v59.0/query/0r8xx5VbUZ6Jh0qA0C-1200 "HTTP/1.1 200 OK"
2026-05-28 04:24:36,299  INFO      httpx — HTTP Request: GET https://zuddl.my.salesforce.com/services/data/v59.0/query/0r8xx5VbUZ6Jh0qA0C-1400 "HTTP/1.1 200 OK"
2026-05-28 04:24:36,642  INFO      httpx — HTTP Request: GET https://zuddl.my.salesforce.com/services/data/v59.0/query/0r8xx5VbUZ6Jh0qA0C-1600 "HTTP/1.1 200 OK"
2026-05-28 04:24:36,966  INFO      httpx — HTTP Request: GET https://zuddl.my.salesforce.com/services/data/v59.0/query/0r8xx5VbUZ6Jh0qA0C-1800 "HTTP/1.1 200 OK"
2026-05-28 04:24:37,385  INFO      httpx — HTTP Request: GET https://zuddl.my.salesforce.com/services/data/v59.0/query/0r8xx5VbUZ6Jh0qA0C-2000 "HTTP/1.1 200 OK"
2026-05-28 04:24:37,691  INFO      httpx — HTTP Request: GET https://zuddl.my.salesforce.com/services/data/v59.0/query/0r8xx5VbUZ6Jh0qA0C-2200 "HTTP/1.1 200 OK"
2026-05-28 04:24:38,031  INFO      httpx — HTTP Request: GET https://zuddl.my.salesforce.com/services/data/v59.0/query/0r8xx5VbUZ6Jh0qA0C-2400 "HTTP/1.1 200 OK"
2026-05-28 04:24:38,487  INFO      httpx — HTTP Request: GET https://zuddl.my.salesforce.com/services/data/v59.0/query/0r8xx5VbUZ6Jh0qA0C-2600 "HTTP/1.1 200 OK"
2026-05-28 04:24:38,851  INFO      httpx — HTTP Request: GET https://zuddl.my.salesforce.com/services/data/v59.0/query/0r8xx5VbUZ6Jh0qA0C-2800 "HTTP/1.1 200 OK"
2026-05-28 04:24:39,190  INFO      httpx — HTTP Request: GET https://zuddl.my.salesforce.com/services/data/v59.0/query/0r8xx5VbUZ6Jh0qA0C-3000 "HTTP/1.1 200 OK"
2026-05-28 04:24:39,481  INFO      httpx — HTTP Request: GET https://zuddl.my.salesforce.com/services/data/v59.0/query/0r8xx5VbUZ6Jh0qA0C-3200 "HTTP/1.1 200 OK"
2026-05-28 04:24:39,793  INFO      httpx — HTTP Request: GET https://zuddl.my.salesforce.com/services/data/v59.0/query/0r8xx5VbUZ6Jh0qA0C-3400 "HTTP/1.1 200 OK"
2026-05-28 04:24:40,116  INFO      httpx — HTTP Request: GET https://zuddl.my.salesforce.com/services/data/v59.0/query/0r8xx5VbUZ6Jh0qA0C-3600 "HTTP/1.1 200 OK"
2026-05-28 04:24:40,548  INFO      httpx — HTTP Request: GET https://zuddl.my.salesforce.com/services/data/v59.0/query/0r8xx5VbUZ6Jh0qA0C-3800 "HTTP/1.1 200 OK"
2026-05-28 04:24:40,920  INFO      httpx — HTTP Request: GET https://zuddl.my.salesforce.com/services/data/v59.0/query/0r8xx5VbUZ6Jh0qA0C-4000 "HTTP/1.1 200 OK"
2026-05-28 04:24:41,259  INFO      httpx — HTTP Request: GET https://zuddl.my.salesforce.com/services/data/v59.0/query/0r8xx5VbUZ6Jh0qA0C-4200 "HTTP/1.1 200 OK"
2026-05-28 04:24:41,539  INFO      httpx — HTTP Request: GET https://zuddl.my.salesforce.com/services/data/v59.0/query/0r8xx5VbUZ6Jh0qA0C-4400 "HTTP/1.1 200 OK"
2026-05-28 04:24:41,843  INFO      httpx — HTTP Request: GET https://zuddl.my.salesforce.com/services/data/v59.0/query/0r8xx5VbUZ6Jh0qA0C-4600 "HTTP/1.1 200 OK"
2026-05-28 04:24:42,131  INFO      httpx — HTTP Request: GET https://zuddl.my.salesforce.com/services/data/v59.0/query/0r8xx5VbUZ6Jh0qA0C-4800 "HTTP/1.1 200 OK"
2026-05-28 04:24:42,482  INFO      httpx — HTTP Request: GET https://zuddl.my.salesforce.com/services/data/v59.0/query/0r8xx5VbUZ6Jh0qA0C-5000 "HTTP/1.1 200 OK"
2026-05-28 04:24:42,849  INFO      httpx — HTTP Request: GET https://zuddl.my.salesforce.com/services/data/v59.0/query/0r8xx5VbUZ6Jh0qA0C-5200 "HTTP/1.1 200 OK"
2026-05-28 04:24:43,193  INFO      httpx — HTTP Request: GET https://zuddl.my.salesforce.com/services/data/v59.0/query/0r8xx5VbUZ6Jh0qA0C-5400 "HTTP/1.1 200 OK"
2026-05-28 04:24:43,611  INFO      httpx — HTTP Request: GET https://zuddl.my.salesforce.com/services/data/v59.0/query/0r8xx5VbUZ6Jh0qA0C-5600 "HTTP/1.1 200 OK"
2026-05-28 04:24:43,978  INFO      httpx — HTTP Request: GET https://zuddl.my.salesforce.com/services/data/v59.0/query/0r8xx5VbUZ6Jh0qA0C-5800 "HTTP/1.1 200 OK"
2026-05-28 04:24:44,308  INFO      httpx — HTTP Request: GET https://zuddl.my.salesforce.com/services/data/v59.0/query/0r8xx5VbUZ6Jh0qA0C-6000 "HTTP/1.1 200 OK"
2026-05-28 04:24:44,837  INFO      httpx — HTTP Request: GET https://zuddl.my.salesforce.com/services/data/v59.0/query/0r8xx5VbUZ6Jh0qA0C-6200 "HTTP/1.1 200 OK"
2026-05-28 04:24:45,153  INFO      httpx — HTTP Request: GET https://zuddl.my.salesforce.com/services/data/v59.0/query/0r8xx5VbUZ6Jh0qA0C-6400 "HTTP/1.1 200 OK"
2026-05-28 04:24:45,524  INFO      httpx — HTTP Request: GET https://zuddl.my.salesforce.com/services/data/v59.0/query/0r8xx5VbUZ6Jh0qA0C-6600 "HTTP/1.1 200 OK"
2026-05-28 04:24:45,878  INFO      httpx — HTTP Request: GET https://zuddl.my.salesforce.com/services/data/v59.0/query/0r8xx5VbUZ6Jh0qA0C-6800 "HTTP/1.1 200 OK"
2026-05-28 04:24:46,244  INFO      httpx — HTTP Request: GET https://zuddl.my.salesforce.com/services/data/v59.0/query/0r8xx5VbUZ6Jh0qA0C-7000 "HTTP/1.1 200 OK"
2026-05-28 04:24:46,641  INFO      httpx — HTTP Request: GET https://zuddl.my.salesforce.com/services/data/v59.0/query/0r8xx5VbUZ6Jh0qA0C-7200 "HTTP/1.1 200 OK"
2026-05-28 04:24:46,961  INFO      httpx — HTTP Request: GET https://zuddl.my.salesforce.com/services/data/v59.0/query/0r8xx5VbUZ6Jh0qA0C-7400 "HTTP/1.1 200 OK"
2026-05-28 04:24:47,342  INFO      httpx — HTTP Request: GET https://zuddl.my.salesforce.com/services/data/v59.0/query/0r8xx5VbUZ6Jh0qA0C-7600 "HTTP/1.1 200 OK"
2026-05-28 04:24:47,721  INFO      httpx — HTTP Request: GET https://zuddl.my.salesforce.com/services/data/v59.0/query/0r8xx5VbUZ6Jh0qA0C-7800 "HTTP/1.1 200 OK"
2026-05-28 04:24:48,117  INFO      httpx — HTTP Request: GET https://zuddl.my.salesforce.com/services/data/v59.0/query/0r8xx5VbUZ6Jh0qA0C-8000 "HTTP/1.1 200 OK"
2026-05-28 04:24:48,523  INFO      httpx — HTTP Request: GET https://zuddl.my.salesforce.com/services/data/v59.0/query/0r8xx5VbUZ6Jh0qA0C-8200 "HTTP/1.1 200 OK"
2026-05-28 04:24:48,892  INFO      httpx — HTTP Request: GET https://zuddl.my.salesforce.com/services/data/v59.0/query/0r8xx5VbUZ6Jh0qA0C-8400 "HTTP/1.1 200 OK"
2026-05-28 04:24:49,273  INFO      httpx — HTTP Request: GET https://zuddl.my.salesforce.com/services/data/v59.0/query/0r8xx5VbUZ6Jh0qA0C-8600 "HTTP/1.1 200 OK"
2026-05-28 04:24:49,590  INFO      httpx — HTTP Request: GET https://zuddl.my.salesforce.com/services/data/v59.0/query/0r8xx5VbUZ6Jh0qA0C-8800 "HTTP/1.1 200 OK"
2026-05-28 04:24:49,954  INFO      httpx — HTTP Request: GET https://zuddl.my.salesforce.com/services/data/v59.0/query/0r8xx5VbUZ6Jh0qA0C-9000 "HTTP/1.1 200 OK"
2026-05-28 04:24:50,326  INFO      httpx — HTTP Request: GET https://zuddl.my.salesforce.com/services/data/v59.0/query/0r8xx5VbUZ6Jh0qA0C-9200 "HTTP/1.1 200 OK"
2026-05-28 04:24:50,654  INFO      httpx — HTTP Request: GET https://zuddl.my.salesforce.com/services/data/v59.0/query/0r8xx5VbUZ6Jh0qA0C-9400 "HTTP/1.1 200 OK"
2026-05-28 04:24:50,967  INFO      httpx — HTTP Request: GET https://zuddl.my.salesforce.com/services/data/v59.0/query/0r8xx5VbUZ6Jh0qA0C-9600 "HTTP/1.1 200 OK"
2026-05-28 04:24:51,274  INFO      httpx — HTTP Request: GET https://zuddl.my.salesforce.com/services/data/v59.0/query/0r8xx5VbUZ6Jh0qA0C-9800 "HTTP/1.1 200 OK"
2026-05-28 04:24:51,611  INFO      httpx — HTTP Request: GET https://zuddl.my.salesforce.com/services/data/v59.0/query/0r8xx5VbUZ6Jh0qA0C-10000 "HTTP/1.1 200 OK"
2026-05-28 04:24:51,923  INFO      httpx — HTTP Request: GET https://zuddl.my.salesforce.com/services/data/v59.0/query/0r8xx5VbUZ6Jh0qA0C-10200 "HTTP/1.1 200 OK"
2026-05-28 04:24:52,218  INFO      httpx — HTTP Request: GET https://zuddl.my.salesforce.com/services/data/v59.0/query/0r8xx5VbUZ6Jh0qA0C-10400 "HTTP/1.1 200 OK"
2026-05-28 04:24:52,523  INFO      httpx — HTTP Request: GET https://zuddl.my.salesforce.com/services/data/v59.0/query/0r8xx5VbUZ6Jh0qA0C-10600 "HTTP/1.1 200 OK"
2026-05-28 04:24:52,874  INFO      httpx — HTTP Request: GET https://zuddl.my.salesforce.com/services/data/v59.0/query/0r8xx5VbUZ6Jh0qA0C-10800 "HTTP/1.1 200 OK"
2026-05-28 04:24:53,310  INFO      httpx — HTTP Request: GET https://zuddl.my.salesforce.com/services/data/v59.0/query/0r8xx5VbUZ6Jh0qA0C-11000 "HTTP/1.1 200 OK"
2026-05-28 04:24:53,652  INFO      httpx — HTTP Request: GET https://zuddl.my.salesforce.com/services/data/v59.0/query/0r8xx5VbUZ6Jh0qA0C-11200 "HTTP/1.1 200 OK"
2026-05-28 04:24:54,024  INFO      httpx — HTTP Request: GET https://zuddl.my.salesforce.com/services/data/v59.0/query/0r8xx5VbUZ6Jh0qA0C-11400 "HTTP/1.1 200 OK"
2026-05-28 04:24:54,432  INFO      httpx — HTTP Request: GET https://zuddl.my.salesforce.com/services/data/v59.0/query/0r8xx5VbUZ6Jh0qA0C-11600 "HTTP/1.1 200 OK"
2026-05-28 04:24:54,773  INFO      httpx — HTTP Request: GET https://zuddl.my.salesforce.com/services/data/v59.0/query/0r8xx5VbUZ6Jh0qA0C-11800 "HTTP/1.1 200 OK"
2026-05-28 04:24:55,141  INFO      httpx — HTTP Request: GET https://zuddl.my.salesforce.com/services/data/v59.0/query/0r8xx5VbUZ6Jh0qA0C-12000 "HTTP/1.1 200 OK"
2026-05-28 04:24:55,523  INFO      httpx — HTTP Request: GET https://zuddl.my.salesforce.com/services/data/v59.0/query/0r8xx5VbUZ6Jh0qA0C-12200 "HTTP/1.1 200 OK"
2026-05-28 04:24:55,862  INFO      httpx — HTTP Request: GET https://zuddl.my.salesforce.com/services/data/v59.0/query/0r8xx5VbUZ6Jh0qA0C-12400 "HTTP/1.1 200 OK"
2026-05-28 04:24:56,192  INFO      httpx — HTTP Request: GET https://zuddl.my.salesforce.com/services/data/v59.0/query/0r8xx5VbUZ6Jh0qA0C-12600 "HTTP/1.1 200 OK"
2026-05-28 04:24:56,511  INFO      httpx — HTTP Request: GET https://zuddl.my.salesforce.com/services/data/v59.0/query/0r8xx5VbUZ6Jh0qA0C-12800 "HTTP/1.1 200 OK"
2026-05-28 04:24:56,823  INFO      httpx — HTTP Request: GET https://zuddl.my.salesforce.com/services/data/v59.0/query/0r8xx5VbUZ6Jh0qA0C-13000 "HTTP/1.1 200 OK"
2026-05-28 04:24:57,176  INFO      httpx — HTTP Request: GET https://zuddl.my.salesforce.com/services/data/v59.0/query/0r8xx5VbUZ6Jh0qA0C-13200 "HTTP/1.1 200 OK"
2026-05-28 04:24:57,509  INFO      httpx — HTTP Request: GET https://zuddl.my.salesforce.com/services/data/v59.0/query/0r8xx5VbUZ6Jh0qA0C-13400 "HTTP/1.1 200 OK"
2026-05-28 04:24:58,047  INFO      httpx — HTTP Request: GET https://zuddl.my.salesforce.com/services/data/v59.0/query/0r8xx5VbUZ6Jh0qA0C-13600 "HTTP/1.1 200 OK"
2026-05-28 04:24:58,410  INFO      httpx — HTTP Request: GET https://zuddl.my.salesforce.com/services/data/v59.0/query/0r8xx5VbUZ6Jh0qA0C-13800 "HTTP/1.1 200 OK"
2026-05-28 04:24:58,752  INFO      httpx — HTTP Request: GET https://zuddl.my.salesforce.com/services/data/v59.0/query/0r8xx5VbUZ6Jh0qA0C-14000 "HTTP/1.1 200 OK"
2026-05-28 04:24:59,104  INFO      httpx — HTTP Request: GET https://zuddl.my.salesforce.com/services/data/v59.0/query/0r8xx5VbUZ6Jh0qA0C-14200 "HTTP/1.1 200 OK"
2026-05-28 04:24:59,423  INFO      httpx — HTTP Request: GET https://zuddl.my.salesforce.com/services/data/v59.0/query/0r8xx5VbUZ6Jh0qA0C-14400 "HTTP/1.1 200 OK"
2026-05-28 04:24:59,806  INFO      httpx — HTTP Request: GET https://zuddl.my.salesforce.com/services/data/v59.0/query/0r8xx5VbUZ6Jh0qA0C-14600 "HTTP/1.1 200 OK"
2026-05-28 04:25:00,195  INFO      httpx — HTTP Request: GET https://zuddl.my.salesforce.com/services/data/v59.0/query/0r8xx5VbUZ6Jh0qA0C-14800 "HTTP/1.1 200 OK"
2026-05-28 04:25:00,577  INFO      httpx — HTTP Request: GET https://zuddl.my.salesforce.com/services/data/v59.0/query/0r8xx5VbUZ6Jh0qA0C-15000 "HTTP/1.1 200 OK"
2026-05-28 04:25:00,905  INFO      httpx — HTTP Request: GET https://zuddl.my.salesforce.com/services/data/v59.0/query/0r8xx5VbUZ6Jh0qA0C-15200 "HTTP/1.1 200 OK"
2026-05-28 04:25:01,264  INFO      httpx — HTTP Request: GET https://zuddl.my.salesforce.com/services/data/v59.0/query/0r8xx5VbUZ6Jh0qA0C-15400 "HTTP/1.1 200 OK"
2026-05-28 04:25:01,620  INFO      httpx — HTTP Request: GET https://zuddl.my.salesforce.com/services/data/v59.0/query/0r8xx5VbUZ6Jh0qA0C-15600 "HTTP/1.1 200 OK"
2026-05-28 04:25:02,020  INFO      httpx — HTTP Request: GET https://zuddl.my.salesforce.com/services/data/v59.0/query/0r8xx5VbUZ6Jh0qA0C-15800 "HTTP/1.1 200 OK"
2026-05-28 04:25:02,361  INFO      httpx — HTTP Request: GET https://zuddl.my.salesforce.com/services/data/v59.0/query/0r8xx5VbUZ6Jh0qA0C-16000 "HTTP/1.1 200 OK"
2026-05-28 04:25:02,680  INFO      httpx — HTTP Request: GET https://zuddl.my.salesforce.com/services/data/v59.0/query/0r8xx5VbUZ6Jh0qA0C-16200 "HTTP/1.1 200 OK"
2026-05-28 04:25:03,165  INFO      httpx — HTTP Request: GET https://zuddl.my.salesforce.com/services/data/v59.0/query/0r8xx5VbUZ6Jh0qA0C-16400 "HTTP/1.1 200 OK"
2026-05-28 04:25:03,521  INFO      httpx — HTTP Request: GET https://zuddl.my.salesforce.com/services/data/v59.0/query/0r8xx5VbUZ6Jh0qA0C-16600 "HTTP/1.1 200 OK"
2026-05-28 04:25:03,858  INFO      httpx — HTTP Request: GET https://zuddl.my.salesforce.com/services/data/v59.0/query/0r8xx5VbUZ6Jh0qA0C-16800 "HTTP/1.1 200 OK"
2026-05-28 04:25:04,158  INFO      httpx — HTTP Request: GET https://zuddl.my.salesforce.com/services/data/v59.0/query/0r8xx5VbUZ6Jh0qA0C-17000 "HTTP/1.1 200 OK"
2026-05-28 04:25:04,527  INFO      httpx — HTTP Request: GET https://zuddl.my.salesforce.com/services/data/v59.0/query/0r8xx5VbUZ6Jh0qA0C-17200 "HTTP/1.1 200 OK"
2026-05-28 04:25:04,871  INFO      httpx — HTTP Request: GET https://zuddl.my.salesforce.com/services/data/v59.0/query/0r8xx5VbUZ6Jh0qA0C-17400 "HTTP/1.1 200 OK"
2026-05-28 04:25:05,210  INFO      httpx — HTTP Request: GET https://zuddl.my.salesforce.com/services/data/v59.0/query/0r8xx5VbUZ6Jh0qA0C-17600 "HTTP/1.1 200 OK"
2026-05-28 04:25:05,594  INFO      httpx — HTTP Request: GET https://zuddl.my.salesforce.com/services/data/v59.0/query/0r8xx5VbUZ6Jh0qA0C-17800 "HTTP/1.1 200 OK"
2026-05-28 04:25:05,970  INFO      httpx — HTTP Request: GET https://zuddl.my.salesforce.com/services/data/v59.0/query/0r8xx5VbUZ6Jh0qA0C-18000 "HTTP/1.1 200 OK"
2026-05-28 04:25:06,318  INFO      httpx — HTTP Request: GET https://zuddl.my.salesforce.com/services/data/v59.0/query/0r8xx5VbUZ6Jh0qA0C-18200 "HTTP/1.1 200 OK"
2026-05-28 04:25:06,711  INFO      httpx — HTTP Request: GET https://zuddl.my.salesforce.com/services/data/v59.0/query/0r8xx5VbUZ6Jh0qA0C-18400 "HTTP/1.1 200 OK"
2026-05-28 04:25:42,089  INFO      httpx — HTTP Request: GET https://zuddl.my.salesforce.com/services/data/v59.0/query/0r8xx5VbUZ6Jh0qA0C-18600 "HTTP/1.1 200 OK"
2026-05-28 04:25:42,420  INFO      httpx — HTTP Request: GET https://zuddl.my.salesforce.com/services/data/v59.0/query/0r8xx5VbUZ6Jh0qA0C-18800 "HTTP/1.1 200 OK"
2026-05-28 04:25:42,771  INFO      httpx — HTTP Request: GET https://zuddl.my.salesforce.com/services/data/v59.0/query/0r8xx5VbUZ6Jh0qA0C-19000 "HTTP/1.1 200 OK"
2026-05-28 04:25:43,146  INFO      httpx — HTTP Request: GET https://zuddl.my.salesforce.com/services/data/v59.0/query/0r8xx5VbUZ6Jh0qA0C-19200 "HTTP/1.1 200 OK"
2026-05-28 04:25:43,472  INFO      httpx — HTTP Request: GET https://zuddl.my.salesforce.com/services/data/v59.0/query/0r8xx5VbUZ6Jh0qA0C-19400 "HTTP/1.1 200 OK"
2026-05-28 04:25:43,796  INFO      httpx — HTTP Request: GET https://zuddl.my.salesforce.com/services/data/v59.0/query/0r8xx5VbUZ6Jh0qA0C-19600 "HTTP/1.1 200 OK"
2026-05-28 04:25:44,142  INFO      httpx — HTTP Request: GET https://zuddl.my.salesforce.com/services/data/v59.0/query/0r8xx5VbUZ6Jh0qA0C-19800 "HTTP/1.1 200 OK"
2026-05-28 04:25:44,501  INFO      httpx — HTTP Request: GET https://zuddl.my.salesforce.com/services/data/v59.0/query/0r8xx5VbUZ6Jh0qA0C-20000 "HTTP/1.1 200 OK"
2026-05-28 04:25:44,873  INFO      httpx — HTTP Request: GET https://zuddl.my.salesforce.com/services/data/v59.0/query/0r8xx5VbUZ6Jh0qA0C-20200 "HTTP/1.1 200 OK"
2026-05-28 04:25:45,275  INFO      httpx — HTTP Request: GET https://zuddl.my.salesforce.com/services/data/v59.0/query/0r8xx5VbUZ6Jh0qA0C-20400 "HTTP/1.1 200 OK"
2026-05-28 04:25:45,603  INFO      httpx — HTTP Request: GET https://zuddl.my.salesforce.com/services/data/v59.0/query/0r8xx5VbUZ6Jh0qA0C-20600 "HTTP/1.1 200 OK"
2026-05-28 04:25:45,911  INFO      httpx — HTTP Request: GET https://zuddl.my.salesforce.com/services/data/v59.0/query/0r8xx5VbUZ6Jh0qA0C-20800 "HTTP/1.1 200 OK"
2026-05-28 04:25:46,302  INFO      httpx — HTTP Request: GET https://zuddl.my.salesforce.com/services/data/v59.0/query/0r8xx5VbUZ6Jh0qA0C-21000 "HTTP/1.1 200 OK"
2026-05-28 04:25:46,637  INFO      httpx — HTTP Request: GET https://zuddl.my.salesforce.com/services/data/v59.0/query/0r8xx5VbUZ6Jh0qA0C-21200 "HTTP/1.1 200 OK"
2026-05-28 04:25:47,117  INFO      httpx — HTTP Request: GET https://zuddl.my.salesforce.com/services/data/v59.0/query/0r8xx5VbUZ6Jh0qA0C-21400 "HTTP/1.1 200 OK"
2026-05-28 04:25:47,492  INFO      httpx — HTTP Request: GET https://zuddl.my.salesforce.com/services/data/v59.0/query/0r8xx5VbUZ6Jh0qA0C-21600 "HTTP/1.1 200 OK"
2026-05-28 04:25:47,832  INFO      httpx — HTTP Request: GET https://zuddl.my.salesforce.com/services/data/v59.0/query/0r8xx5VbUZ6Jh0qA0C-21800 "HTTP/1.1 200 OK"
2026-05-28 04:25:48,216  INFO      httpx — HTTP Request: GET https://zuddl.my.salesforce.com/services/data/v59.0/query/0r8xx5VbUZ6Jh0qA0C-22000 "HTTP/1.1 200 OK"
2026-05-28 04:25:48,568  INFO      httpx — HTTP Request: GET https://zuddl.my.salesforce.com/services/data/v59.0/query/0r8xx5VbUZ6Jh0qA0C-22200 "HTTP/1.1 200 OK"
2026-05-28 04:25:48,924  INFO      httpx — HTTP Request: GET https://zuddl.my.salesforce.com/services/data/v59.0/query/0r8xx5VbUZ6Jh0qA0C-22400 "HTTP/1.1 200 OK"
2026-05-28 04:25:49,250  INFO      httpx — HTTP Request: GET https://zuddl.my.salesforce.com/services/data/v59.0/query/0r8xx5VbUZ6Jh0qA0C-22600 "HTTP/1.1 200 OK"
2026-05-28 04:25:49,638  INFO      httpx — HTTP Request: GET https://zuddl.my.salesforce.com/services/data/v59.0/query/0r8xx5VbUZ6Jh0qA0C-22800 "HTTP/1.1 200 OK"
2026-05-28 04:25:50,051  INFO      httpx — HTTP Request: GET https://zuddl.my.salesforce.com/services/data/v59.0/query/0r8xx5VbUZ6Jh0qA0C-23000 "HTTP/1.1 200 OK"
2026-05-28 04:25:50,370  INFO      httpx — HTTP Request: GET https://zuddl.my.salesforce.com/services/data/v59.0/query/0r8xx5VbUZ6Jh0qA0C-23200 "HTTP/1.1 200 OK"
2026-05-28 04:25:50,718  INFO      httpx — HTTP Request: GET https://zuddl.my.salesforce.com/services/data/v59.0/query/0r8xx5VbUZ6Jh0qA0C-23400 "HTTP/1.1 200 OK"
2026-05-28 04:25:51,057  INFO      httpx — HTTP Request: GET https://zuddl.my.salesforce.com/services/data/v59.0/query/0r8xx5VbUZ6Jh0qA0C-23600 "HTTP/1.1 200 OK"
2026-05-28 04:25:51,437  INFO      httpx — HTTP Request: GET https://zuddl.my.salesforce.com/services/data/v59.0/query/0r8xx5VbUZ6Jh0qA0C-23800 "HTTP/1.1 200 OK"
2026-05-28 04:25:51,835  INFO      httpx — HTTP Request: GET https://zuddl.my.salesforce.com/services/data/v59.0/query/0r8xx5VbUZ6Jh0qA0C-24000 "HTTP/1.1 200 OK"
2026-05-28 04:25:52,192  INFO      httpx — HTTP Request: GET https://zuddl.my.salesforce.com/services/data/v59.0/query/0r8xx5VbUZ6Jh0qA0C-24200 "HTTP/1.1 200 OK"
2026-05-28 04:25:52,525  INFO      httpx — HTTP Request: GET https://zuddl.my.salesforce.com/services/data/v59.0/query/0r8xx5VbUZ6Jh0qA0C-24400 "HTTP/1.1 200 OK"
2026-05-28 04:25:52,871  INFO      httpx — HTTP Request: GET https://zuddl.my.salesforce.com/services/data/v59.0/query/0r8xx5VbUZ6Jh0qA0C-24600 "HTTP/1.1 200 OK"
2026-05-28 04:25:53,227  INFO      httpx — HTTP Request: GET https://zuddl.my.salesforce.com/services/data/v59.0/query/0r8xx5VbUZ6Jh0qA0C-24800 "HTTP/1.1 200 OK"
2026-05-28 04:25:53,591  INFO      httpx — HTTP Request: GET https://zuddl.my.salesforce.com/services/data/v59.0/query/0r8xx5VbUZ6Jh0qA0C-25000 "HTTP/1.1 200 OK"
2026-05-28 04:25:53,930  INFO      httpx — HTTP Request: GET https://zuddl.my.salesforce.com/services/data/v59.0/query/0r8xx5VbUZ6Jh0qA0C-25200 "HTTP/1.1 200 OK"
2026-05-28 04:25:54,267  INFO      httpx — HTTP Request: GET https://zuddl.my.salesforce.com/services/data/v59.0/query/0r8xx5VbUZ6Jh0qA0C-25400 "HTTP/1.1 200 OK"
2026-05-28 04:25:54,624  INFO      httpx — HTTP Request: GET https://zuddl.my.salesforce.com/services/data/v59.0/query/0r8xx5VbUZ6Jh0qA0C-25600 "HTTP/1.1 200 OK"
2026-05-28 04:25:55,087  INFO      httpx — HTTP Request: GET https://zuddl.my.salesforce.com/services/data/v59.0/query/0r8xx5VbUZ6Jh0qA0C-25800 "HTTP/1.1 200 OK"
2026-05-28 04:25:55,443  INFO      httpx — HTTP Request: GET https://zuddl.my.salesforce.com/services/data/v59.0/query/0r8xx5VbUZ6Jh0qA0C-26000 "HTTP/1.1 200 OK"
2026-05-28 04:25:55,815  INFO      httpx — HTTP Request: GET https://zuddl.my.salesforce.com/services/data/v59.0/query/0r8xx5VbUZ6Jh0qA0C-26200 "HTTP/1.1 200 OK"
2026-05-28 04:25:56,190  INFO      httpx — HTTP Request: GET https://zuddl.my.salesforce.com/services/data/v59.0/query/0r8xx5VbUZ6Jh0qA0C-26400 "HTTP/1.1 200 OK"
2026-05-28 04:25:56,598  INFO      httpx — HTTP Request: GET https://zuddl.my.salesforce.com/services/data/v59.0/query/0r8xx5VbUZ6Jh0qA0C-26600 "HTTP/1.1 200 OK"
2026-05-28 04:25:56,953  INFO      httpx — HTTP Request: GET https://zuddl.my.salesforce.com/services/data/v59.0/query/0r8xx5VbUZ6Jh0qA0C-26800 "HTTP/1.1 200 OK"
2026-05-28 04:25:57,331  INFO      httpx — HTTP Request: GET https://zuddl.my.salesforce.com/services/data/v59.0/query/0r8xx5VbUZ6Jh0qA0C-27000 "HTTP/1.1 200 OK"
2026-05-28 04:25:57,699  INFO      httpx — HTTP Request: GET https://zuddl.my.salesforce.com/services/data/v59.0/query/0r8xx5VbUZ6Jh0qA0C-27200 "HTTP/1.1 200 OK"
2026-05-28 04:25:58,007  INFO      httpx — HTTP Request: GET https://zuddl.my.salesforce.com/services/data/v59.0/query/0r8xx5VbUZ6Jh0qA0C-27400 "HTTP/1.1 200 OK"
2026-05-28 04:25:58,364  INFO      sf_sync — sf: merged extra batch of 80 fields
2026-05-28 04:25:58,778  INFO      httpx — HTTP Request: GET https://zuddl.my.salesforce.com/services/data/v59.0/query?q=SELECT+Id%2C+Latest_Expansion_Contract_End__c%2C+Has_Active_Expansion_Contract__c%2C+Account_Updated__c%2C+Incumbent_Contract_End_Sales__c%2C+Health_Score__c%2C+Churn_Risk_Flag__c%2C+Churn_Risk_Category__c%2C+Churn_Risk_Sub_Category__c%2C+Risk_Controlability__c%2C+Churn_Risk_Notes__c%2C+Last_Churn_Risk_Review_Date__c%2C+CS_notes__c%2C+Last_Onsite_Partner_Used__c%2C+All_Onsite_Partners_Used__c%2C+Tag_Test__c%2C+Platform_for_Field_Events__c%2C+Opps_Test__c%2C+Zuddl_Org_ID__c%2C+Total_Members__c%2C+Active_Members_30d__c%2C+Total_Organizers__c%2C+Active_Organizers_30d__c%2C+Live_Events_Created_30d__c%2C+Live_Events_Created_90d__c%2C+Registrations_90d__c%2C+Attendees_90d__c%2C+Last_Live_Event_Date__c%2C+Metabase_Usage_Deep_Link__c%2C+upcoming_events_90d__c%2C+upcoming_events_30d__c%2C+Customer_as_of_2026_01_01__c%2C+ACV_trial__c%2C+Total_ACV__c%2C+Upcoming_registrations_30d__c%2C+Upcoming_registrations_90d__c%2C+Member_Activation_Rate_30d__c%2C+Organizer_Activation_Rate_30d__c%2C+Attendance_Rate_90d__c%2C+Attendance_per_event_90d__c%2C+First_quarter_activation_flag__c%2C+Time_to_first_live_event__c%2C+Days_since_last_event__c%2C+Hiring_Role_Count__c%2C+Contract_start_date_latest_opp__c%2C+Hired_Event_Leader_in_Last_90_Days__c%2C+Negative_Competitor_Mention_on_LI__c%2C+Negative_Competitor_Mention_on_G2__c%2C+Negative_Competitor_Mention_on_LI_URL__c%2C+Negative_Competitor_Mention_on_G2_URL__c%2C+Social_Post_Engaged_URL__c%2C+Social_Mention_Post_URL__c%2C+Champion_Moved__c%2C+Company_Changed_Flag__c%2C+Expansion_candidate_projected_amount__c%2C+ACV_acc__c%2C+ACV_acc_new__c%2C+Champion_Old_Company_Name__c%2C+Champion_New_Job_Month_Year__c%2C+Adoption_Momentum_Leading_bucket__c%2C+field_events_created_all_time__c%2C+thirdparty_events_created_all_time__c%2C+webinar_events_created_all_time__c%2C+Last_Campaign_Engagement_Date__c%2C+Campaign_in_Last_180_Days__c%2C+Adoption_health_bucket_new__c%2C+std_in_person_events_created_all_time__c%2C+Account_health_notes__c%2C+Pylon_issue_count__c%2C+last_customer_activity_pylon__c%2C+SDR_responsible__c%2C+Live_Events_Created_180d__c%2C+Attendees_180d__c%2C+Adoption_Priority_Override__c%2C+Adoption_Priority_Final__c%2C+Registrations_180d__c%2C+Adoption_Priority__c%2C+Adoption_recency_bucket__c%2C+Event_cadence_bucket__c%2C+Event_turnout_bucket__c+FROM+Account+WHERE+IsDeleted+%3D+false "HTTP/1.1 200 OK"
2026-05-28 04:25:59,107  INFO      httpx — HTTP Request: GET https://zuddl.my.salesforce.com/services/data/v59.0/query/0r8xx5VbVN0YO4MA0W-250 "HTTP/1.1 200 OK"
2026-05-28 04:25:59,456  INFO      httpx — HTTP Request: GET https://zuddl.my.salesforce.com/services/data/v59.0/query/0r8xx5VbVN0YO4MA0W-500 "HTTP/1.1 200 OK"
2026-05-28 04:25:59,761  INFO      httpx — HTTP Request: GET https://zuddl.my.salesforce.com/services/data/v59.0/query/0r8xx5VbVN0YO4MA0W-750 "HTTP/1.1 200 OK"
2026-05-28 04:26:00,180  INFO      httpx — HTTP Request: GET https://zuddl.my.salesforce.com/services/data/v59.0/query/0r8xx5VbVN0YO4MA0W-1000 "HTTP/1.1 200 OK"
2026-05-28 04:26:00,479  INFO      httpx — HTTP Request: GET https://zuddl.my.salesforce.com/services/data/v59.0/query/0r8xx5VbVN0YO4MA0W-1250 "HTTP/1.1 200 OK"
2026-05-28 04:26:00,892  INFO      httpx — HTTP Request: GET https://zuddl.my.salesforce.com/services/data/v59.0/query/0r8xx5VbVN0YO4MA0W-1500 "HTTP/1.1 200 OK"
2026-05-28 04:26:01,314  INFO      httpx — HTTP Request: GET https://zuddl.my.salesforce.com/services/data/v59.0/query/0r8xx5VbVN0YO4MA0W-1750 "HTTP/1.1 200 OK"
2026-05-28 04:26:01,576  INFO      httpx — HTTP Request: GET https://zuddl.my.salesforce.com/services/data/v59.0/query/0r8xx5VbVN0YO4MA0W-2000 "HTTP/1.1 200 OK"
2026-05-28 04:26:01,880  INFO      httpx — HTTP Request: GET https://zuddl.my.salesforce.com/services/data/v59.0/query/0r8xx5VbVN0YO4MA0W-2250 "HTTP/1.1 200 OK"
2026-05-28 04:26:02,211  INFO      httpx — HTTP Request: GET https://zuddl.my.salesforce.com/services/data/v59.0/query/0r8xx5VbVN0YO4MA0W-2500 "HTTP/1.1 200 OK"
2026-05-28 04:26:02,514  INFO      httpx — HTTP Request: GET https://zuddl.my.salesforce.com/services/data/v59.0/query/0r8xx5VbVN0YO4MA0W-2750 "HTTP/1.1 200 OK"
2026-05-28 04:26:02,817  INFO      httpx — HTTP Request: GET https://zuddl.my.salesforce.com/services/data/v59.0/query/0r8xx5VbVN0YO4MA0W-3000 "HTTP/1.1 200 OK"
2026-05-28 04:26:03,144  INFO      httpx — HTTP Request: GET https://zuddl.my.salesforce.com/services/data/v59.0/query/0r8xx5VbVN0YO4MA0W-3250 "HTTP/1.1 200 OK"
2026-05-28 04:26:03,425  INFO      httpx — HTTP Request: GET https://zuddl.my.salesforce.com/services/data/v59.0/query/0r8xx5VbVN0YO4MA0W-3500 "HTTP/1.1 200 OK"
2026-05-28 04:26:03,720  INFO      httpx — HTTP Request: GET https://zuddl.my.salesforce.com/services/data/v59.0/query/0r8xx5VbVN0YO4MA0W-3750 "HTTP/1.1 200 OK"
2026-05-28 04:26:04,037  INFO      httpx — HTTP Request: GET https://zuddl.my.salesforce.com/services/data/v59.0/query/0r8xx5VbVN0YO4MA0W-4000 "HTTP/1.1 200 OK"
2026-05-28 04:26:04,365  INFO      httpx — HTTP Request: GET https://zuddl.my.salesforce.com/services/data/v59.0/query/0r8xx5VbVN0YO4MA0W-4250 "HTTP/1.1 200 OK"
2026-05-28 04:26:04,668  INFO      httpx — HTTP Request: GET https://zuddl.my.salesforce.com/services/data/v59.0/query/0r8xx5VbVN0YO4MA0W-4500 "HTTP/1.1 200 OK"
2026-05-28 04:26:04,955  INFO      httpx — HTTP Request: GET https://zuddl.my.salesforce.com/services/data/v59.0/query/0r8xx5VbVN0YO4MA0W-4750 "HTTP/1.1 200 OK"
2026-05-28 04:26:05,251  INFO      httpx — HTTP Request: GET https://zuddl.my.salesforce.com/services/data/v59.0/query/0r8xx5VbVN0YO4MA0W-5000 "HTTP/1.1 200 OK"
2026-05-28 04:26:05,549  INFO      httpx — HTTP Request: GET https://zuddl.my.salesforce.com/services/data/v59.0/query/0r8xx5VbVN0YO4MA0W-5250 "HTTP/1.1 200 OK"
2026-05-28 04:26:05,843  INFO      httpx — HTTP Request: GET https://zuddl.my.salesforce.com/services/data/v59.0/query/0r8xx5VbVN0YO4MA0W-5500 "HTTP/1.1 200 OK"
2026-05-28 04:26:06,152  INFO      httpx — HTTP Request: GET https://zuddl.my.salesforce.com/services/data/v59.0/query/0r8xx5VbVN0YO4MA0W-5750 "HTTP/1.1 200 OK"
2026-05-28 04:26:06,461  INFO      httpx — HTTP Request: GET https://zuddl.my.salesforce.com/services/data/v59.0/query/0r8xx5VbVN0YO4MA0W-6000 "HTTP/1.1 200 OK"
2026-05-28 04:26:06,939  INFO      httpx — HTTP Request: GET https://zuddl.my.salesforce.com/services/data/v59.0/query/0r8xx5VbVN0YO4MA0W-6250 "HTTP/1.1 200 OK"
2026-05-28 04:26:07,307  INFO      httpx — HTTP Request: GET https://zuddl.my.salesforce.com/services/data/v59.0/query/0r8xx5VbVN0YO4MA0W-6500 "HTTP/1.1 200 OK"
2026-05-28 04:26:07,661  INFO      httpx — HTTP Request: GET https://zuddl.my.salesforce.com/services/data/v59.0/query/0r8xx5VbVN0YO4MA0W-6750 "HTTP/1.1 200 OK"
2026-05-28 04:26:07,975  INFO      httpx — HTTP Request: GET https://zuddl.my.salesforce.com/services/data/v59.0/query/0r8xx5VbVN0YO4MA0W-7000 "HTTP/1.1 200 OK"
2026-05-28 04:26:08,306  INFO      httpx — HTTP Request: GET https://zuddl.my.salesforce.com/services/data/v59.0/query/0r8xx5VbVN0YO4MA0W-7250 "HTTP/1.1 200 OK"
2026-05-28 04:26:08,564  INFO      httpx — HTTP Request: GET https://zuddl.my.salesforce.com/services/data/v59.0/query/0r8xx5VbVN0YO4MA0W-7500 "HTTP/1.1 200 OK"
2026-05-28 04:26:08,877  INFO      httpx — HTTP Request: GET https://zuddl.my.salesforce.com/services/data/v59.0/query/0r8xx5VbVN0YO4MA0W-7750 "HTTP/1.1 200 OK"
2026-05-28 04:26:09,233  INFO      httpx — HTTP Request: GET https://zuddl.my.salesforce.com/services/data/v59.0/query/0r8xx5VbVN0YO4MA0W-8000 "HTTP/1.1 200 OK"
2026-05-28 04:26:09,482  INFO      httpx — HTTP Request: GET https://zuddl.my.salesforce.com/services/data/v59.0/query/0r8xx5VbVN0YO4MA0W-8250 "HTTP/1.1 200 OK"
2026-05-28 04:26:09,769  INFO      httpx — HTTP Request: GET https://zuddl.my.salesforce.com/services/data/v59.0/query/0r8xx5VbVN0YO4MA0W-8500 "HTTP/1.1 200 OK"
2026-05-28 04:26:10,067  INFO      httpx — HTTP Request: GET https://zuddl.my.salesforce.com/services/data/v59.0/query/0r8xx5VbVN0YO4MA0W-8750 "HTTP/1.1 200 OK"
2026-05-28 04:26:10,340  INFO      httpx — HTTP Request: GET https://zuddl.my.salesforce.com/services/data/v59.0/query/0r8xx5VbVN0YO4MA0W-9000 "HTTP/1.1 200 OK"
2026-05-28 04:26:10,576  INFO      httpx — HTTP Request: GET https://zuddl.my.salesforce.com/services/data/v59.0/query/0r8xx5VbVN0YO4MA0W-9250 "HTTP/1.1 200 OK"
2026-05-28 04:26:10,832  INFO      httpx — HTTP Request: GET https://zuddl.my.salesforce.com/services/data/v59.0/query/0r8xx5VbVN0YO4MA0W-9500 "HTTP/1.1 200 OK"
2026-05-28 04:26:11,043  INFO      httpx — HTTP Request: GET https://zuddl.my.salesforce.com/services/data/v59.0/query/0r8xx5VbVN0YO4MA0W-9750 "HTTP/1.1 200 OK"
2026-05-28 04:26:11,342  INFO      httpx — HTTP Request: GET https://zuddl.my.salesforce.com/services/data/v59.0/query/0r8xx5VbVN0YO4MA0W-10000 "HTTP/1.1 200 OK"
2026-05-28 04:26:11,661  INFO      httpx — HTTP Request: GET https://zuddl.my.salesforce.com/services/data/v59.0/query/0r8xx5VbVN0YO4MA0W-10250 "HTTP/1.1 200 OK"
2026-05-28 04:26:11,908  INFO      httpx — HTTP Request: GET https://zuddl.my.salesforce.com/services/data/v59.0/query/0r8xx5VbVN0YO4MA0W-10500 "HTTP/1.1 200 OK"
2026-05-28 04:26:12,148  INFO      httpx — HTTP Request: GET https://zuddl.my.salesforce.com/services/data/v59.0/query/0r8xx5VbVN0YO4MA0W-10750 "HTTP/1.1 200 OK"
2026-05-28 04:26:12,422  INFO      httpx — HTTP Request: GET https://zuddl.my.salesforce.com/services/data/v59.0/query/0r8xx5VbVN0YO4MA0W-11000 "HTTP/1.1 200 OK"
2026-05-28 04:26:12,648  INFO      httpx — HTTP Request: GET https://zuddl.my.salesforce.com/services/data/v59.0/query/0r8xx5VbVN0YO4MA0W-11250 "HTTP/1.1 200 OK"
2026-05-28 04:26:12,908  INFO      httpx — HTTP Request: GET https://zuddl.my.salesforce.com/services/data/v59.0/query/0r8xx5VbVN0YO4MA0W-11500 "HTTP/1.1 200 OK"
2026-05-28 04:26:13,179  INFO      httpx — HTTP Request: GET https://zuddl.my.salesforce.com/services/data/v59.0/query/0r8xx5VbVN0YO4MA0W-11750 "HTTP/1.1 200 OK"
2026-05-28 04:26:13,460  INFO      httpx — HTTP Request: GET https://zuddl.my.salesforce.com/services/data/v59.0/query/0r8xx5VbVN0YO4MA0W-12000 "HTTP/1.1 200 OK"
2026-05-28 04:26:13,744  INFO      httpx — HTTP Request: GET https://zuddl.my.salesforce.com/services/data/v59.0/query/0r8xx5VbVN0YO4MA0W-12250 "HTTP/1.1 200 OK"
2026-05-28 04:26:13,984  INFO      httpx — HTTP Request: GET https://zuddl.my.salesforce.com/services/data/v59.0/query/0r8xx5VbVN0YO4MA0W-12500 "HTTP/1.1 200 OK"
2026-05-28 04:26:14,198  INFO      httpx — HTTP Request: GET https://zuddl.my.salesforce.com/services/data/v59.0/query/0r8xx5VbVN0YO4MA0W-12750 "HTTP/1.1 200 OK"
2026-05-28 04:26:14,464  INFO      httpx — HTTP Request: GET https://zuddl.my.salesforce.com/services/data/v59.0/query/0r8xx5VbVN0YO4MA0W-13000 "HTTP/1.1 200 OK"
2026-05-28 04:26:14,727  INFO      httpx — HTTP Request: GET https://zuddl.my.salesforce.com/services/data/v59.0/query/0r8xx5VbVN0YO4MA0W-13250 "HTTP/1.1 200 OK"
2026-05-28 04:26:14,997  INFO      httpx — HTTP Request: GET https://zuddl.my.salesforce.com/services/data/v59.0/query/0r8xx5VbVN0YO4MA0W-13500 "HTTP/1.1 200 OK"
2026-05-28 04:26:15,272  INFO      httpx — HTTP Request: GET https://zuddl.my.salesforce.com/services/data/v59.0/query/0r8xx5VbVN0YO4MA0W-13750 "HTTP/1.1 200 OK"
2026-05-28 04:26:15,533  INFO      httpx — HTTP Request: GET https://zuddl.my.salesforce.com/services/data/v59.0/query/0r8xx5VbVN0YO4MA0W-14000 "HTTP/1.1 200 OK"
2026-05-28 04:26:15,802  INFO      httpx — HTTP Request: GET https://zuddl.my.salesforce.com/services/data/v59.0/query/0r8xx5VbVN0YO4MA0W-14250 "HTTP/1.1 200 OK"
2026-05-28 04:26:16,070  INFO      httpx — HTTP Request: GET https://zuddl.my.salesforce.com/services/data/v59.0/query/0r8xx5VbVN0YO4MA0W-14500 "HTTP/1.1 200 OK"
2026-05-28 04:26:16,337  INFO      httpx — HTTP Request: GET https://zuddl.my.salesforce.com/services/data/v59.0/query/0r8xx5VbVN0YO4MA0W-14750 "HTTP/1.1 200 OK"
2026-05-28 04:26:16,585  INFO      httpx — HTTP Request: GET https://zuddl.my.salesforce.com/services/data/v59.0/query/0r8xx5VbVN0YO4MA0W-15000 "HTTP/1.1 200 OK"
2026-05-28 04:26:16,827  INFO      httpx — HTTP Request: GET https://zuddl.my.salesforce.com/services/data/v59.0/query/0r8xx5VbVN0YO4MA0W-15250 "HTTP/1.1 200 OK"
2026-05-28 04:26:17,080  INFO      httpx — HTTP Request: GET https://zuddl.my.salesforce.com/services/data/v59.0/query/0r8xx5VbVN0YO4MA0W-15500 "HTTP/1.1 200 OK"
2026-05-28 04:26:17,329  INFO      httpx — HTTP Request: GET https://zuddl.my.salesforce.com/services/data/v59.0/query/0r8xx5VbVN0YO4MA0W-15750 "HTTP/1.1 200 OK"
2026-05-28 04:26:17,614  INFO      httpx — HTTP Request: GET https://zuddl.my.salesforce.com/services/data/v59.0/query/0r8xx5VbVN0YO4MA0W-16000 "HTTP/1.1 200 OK"
2026-05-28 04:26:17,850  INFO      httpx — HTTP Request: GET https://zuddl.my.salesforce.com/services/data/v59.0/query/0r8xx5VbVN0YO4MA0W-16250 "HTTP/1.1 200 OK"
2026-05-28 04:26:18,079  INFO      httpx — HTTP Request: GET https://zuddl.my.salesforce.com/services/data/v59.0/query/0r8xx5VbVN0YO4MA0W-16500 "HTTP/1.1 200 OK"
2026-05-28 04:26:18,355  INFO      httpx — HTTP Request: GET https://zuddl.my.salesforce.com/services/data/v59.0/query/0r8xx5VbVN0YO4MA0W-16750 "HTTP/1.1 200 OK"
2026-05-28 04:26:18,605  INFO      httpx — HTTP Request: GET https://zuddl.my.salesforce.com/services/data/v59.0/query/0r8xx5VbVN0YO4MA0W-17000 "HTTP/1.1 200 OK"
2026-05-28 04:26:18,836  INFO      httpx — HTTP Request: GET https://zuddl.my.salesforce.com/services/data/v59.0/query/0r8xx5VbVN0YO4MA0W-17250 "HTTP/1.1 200 OK"
2026-05-28 04:26:19,114  INFO      httpx — HTTP Request: GET https://zuddl.my.salesforce.com/services/data/v59.0/query/0r8xx5VbVN0YO4MA0W-17500 "HTTP/1.1 200 OK"
2026-05-28 04:26:19,375  INFO      httpx — HTTP Request: GET https://zuddl.my.salesforce.com/services/data/v59.0/query/0r8xx5VbVN0YO4MA0W-17750 "HTTP/1.1 200 OK"
2026-05-28 04:26:19,599  INFO      httpx — HTTP Request: GET https://zuddl.my.salesforce.com/services/data/v59.0/query/0r8xx5VbVN0YO4MA0W-18000 "HTTP/1.1 200 OK"
2026-05-28 04:26:19,837  INFO      httpx — HTTP Request: GET https://zuddl.my.salesforce.com/services/data/v59.0/query/0r8xx5VbVN0YO4MA0W-18250 "HTTP/1.1 200 OK"
2026-05-28 04:26:20,172  INFO      httpx — HTTP Request: GET https://zuddl.my.salesforce.com/services/data/v59.0/query/0r8xx5VbVN0YO4MA0W-18500 "HTTP/1.1 200 OK"
2026-05-28 04:26:20,456  INFO      httpx — HTTP Request: GET https://zuddl.my.salesforce.com/services/data/v59.0/query/0r8xx5VbVN0YO4MA0W-18750 "HTTP/1.1 200 OK"
2026-05-28 04:26:20,706  INFO      httpx — HTTP Request: GET https://zuddl.my.salesforce.com/services/data/v59.0/query/0r8xx5VbVN0YO4MA0W-19000 "HTTP/1.1 200 OK"
2026-05-28 04:26:20,991  INFO      httpx — HTTP Request: GET https://zuddl.my.salesforce.com/services/data/v59.0/query/0r8xx5VbVN0YO4MA0W-19250 "HTTP/1.1 200 OK"
2026-05-28 04:26:21,240  INFO      httpx — HTTP Request: GET https://zuddl.my.salesforce.com/services/data/v59.0/query/0r8xx5VbVN0YO4MA0W-19500 "HTTP/1.1 200 OK"
2026-05-28 04:26:21,514  INFO      httpx — HTTP Request: GET https://zuddl.my.salesforce.com/services/data/v59.0/query/0r8xx5VbVN0YO4MA0W-19750 "HTTP/1.1 200 OK"
2026-05-28 04:26:21,810  INFO      httpx — HTTP Request: GET https://zuddl.my.salesforce.com/services/data/v59.0/query/0r8xx5VbVN0YO4MA0W-20000 "HTTP/1.1 200 OK"
2026-05-28 04:26:22,121  INFO      httpx — HTTP Request: GET https://zuddl.my.salesforce.com/services/data/v59.0/query/0r8xx5VbVN0YO4MA0W-20250 "HTTP/1.1 200 OK"
2026-05-28 04:26:22,350  INFO      httpx — HTTP Request: GET https://zuddl.my.salesforce.com/services/data/v59.0/query/0r8xx5VbVN0YO4MA0W-20500 "HTTP/1.1 200 OK"
2026-05-28 04:26:22,550  INFO      httpx — HTTP Request: GET https://zuddl.my.salesforce.com/services/data/v59.0/query/0r8xx5VbVN0YO4MA0W-20750 "HTTP/1.1 200 OK"
2026-05-28 04:26:22,811  INFO      httpx — HTTP Request: GET https://zuddl.my.salesforce.com/services/data/v59.0/query/0r8xx5VbVN0YO4MA0W-21000 "HTTP/1.1 200 OK"
2026-05-28 04:26:23,087  INFO      httpx — HTTP Request: GET https://zuddl.my.salesforce.com/services/data/v59.0/query/0r8xx5VbVN0YO4MA0W-21250 "HTTP/1.1 200 OK"
2026-05-28 04:26:23,335  INFO      httpx — HTTP Request: GET https://zuddl.my.salesforce.com/services/data/v59.0/query/0r8xx5VbVN0YO4MA0W-21500 "HTTP/1.1 200 OK"
2026-05-28 04:26:23,570  INFO      httpx — HTTP Request: GET https://zuddl.my.salesforce.com/services/data/v59.0/query/0r8xx5VbVN0YO4MA0W-21750 "HTTP/1.1 200 OK"
2026-05-28 04:26:23,777  INFO      httpx — HTTP Request: GET https://zuddl.my.salesforce.com/services/data/v59.0/query/0r8xx5VbVN0YO4MA0W-22000 "HTTP/1.1 200 OK"
2026-05-28 04:26:24,058  INFO      httpx — HTTP Request: GET https://zuddl.my.salesforce.com/services/data/v59.0/query/0r8xx5VbVN0YO4MA0W-22250 "HTTP/1.1 200 OK"
2026-05-28 04:26:24,296  INFO      httpx — HTTP Request: GET https://zuddl.my.salesforce.com/services/data/v59.0/query/0r8xx5VbVN0YO4MA0W-22500 "HTTP/1.1 200 OK"
2026-05-28 04:26:24,504  INFO      httpx — HTTP Request: GET https://zuddl.my.salesforce.com/services/data/v59.0/query/0r8xx5VbVN0YO4MA0W-22750 "HTTP/1.1 200 OK"
2026-05-28 04:26:24,763  INFO      httpx — HTTP Request: GET https://zuddl.my.salesforce.com/services/data/v59.0/query/0r8xx5VbVN0YO4MA0W-23000 "HTTP/1.1 200 OK"
2026-05-28 04:26:25,004  INFO      httpx — HTTP Request: GET https://zuddl.my.salesforce.com/services/data/v59.0/query/0r8xx5VbVN0YO4MA0W-23250 "HTTP/1.1 200 OK"
2026-05-28 04:26:25,285  INFO      httpx — HTTP Request: GET https://zuddl.my.salesforce.com/services/data/v59.0/query/0r8xx5VbVN0YO4MA0W-23500 "HTTP/1.1 200 OK"
2026-05-28 04:26:25,532  INFO      httpx — HTTP Request: GET https://zuddl.my.salesforce.com/services/data/v59.0/query/0r8xx5VbVN0YO4MA0W-23750 "HTTP/1.1 200 OK"
2026-05-28 04:26:26,399  INFO      httpx — HTTP Request: GET https://zuddl.my.salesforce.com/services/data/v59.0/query/0r8xx5VbVN0YO4MA0W-24000 "HTTP/1.1 200 OK"
2026-05-28 04:26:26,631  INFO      httpx — HTTP Request: GET https://zuddl.my.salesforce.com/services/data/v59.0/query/0r8xx5VbVN0YO4MA0W-24250 "HTTP/1.1 200 OK"
2026-05-28 04:26:26,914  INFO      httpx — HTTP Request: GET https://zuddl.my.salesforce.com/services/data/v59.0/query/0r8xx5VbVN0YO4MA0W-24500 "HTTP/1.1 200 OK"
2026-05-28 04:26:27,315  INFO      httpx — HTTP Request: GET https://zuddl.my.salesforce.com/services/data/v59.0/query/0r8xx5VbVN0YO4MA0W-24750 "HTTP/1.1 200 OK"
2026-05-28 04:26:27,559  INFO      httpx — HTTP Request: GET https://zuddl.my.salesforce.com/services/data/v59.0/query/0r8xx5VbVN0YO4MA0W-25000 "HTTP/1.1 200 OK"
2026-05-28 04:26:27,777  INFO      httpx — HTTP Request: GET https://zuddl.my.salesforce.com/services/data/v59.0/query/0r8xx5VbVN0YO4MA0W-25250 "HTTP/1.1 200 OK"
2026-05-28 04:26:28,062  INFO      httpx — HTTP Request: GET https://zuddl.my.salesforce.com/services/data/v59.0/query/0r8xx5VbVN0YO4MA0W-25500 "HTTP/1.1 200 OK"
2026-05-28 04:26:28,303  INFO      httpx — HTTP Request: GET https://zuddl.my.salesforce.com/services/data/v59.0/query/0r8xx5VbVN0YO4MA0W-25750 "HTTP/1.1 200 OK"
2026-05-28 04:26:28,584  INFO      httpx — HTTP Request: GET https://zuddl.my.salesforce.com/services/data/v59.0/query/0r8xx5VbVN0YO4MA0W-26000 "HTTP/1.1 200 OK"
2026-05-28 04:26:28,812  INFO      httpx — HTTP Request: GET https://zuddl.my.salesforce.com/services/data/v59.0/query/0r8xx5VbVN0YO4MA0W-26250 "HTTP/1.1 200 OK"
2026-05-28 04:26:29,092  INFO      httpx — HTTP Request: GET https://zuddl.my.salesforce.com/services/data/v59.0/query/0r8xx5VbVN0YO4MA0W-26500 "HTTP/1.1 200 OK"
2026-05-28 04:26:29,350  INFO      httpx — HTTP Request: GET https://zuddl.my.salesforce.com/services/data/v59.0/query/0r8xx5VbVN0YO4MA0W-26750 "HTTP/1.1 200 OK"
2026-05-28 04:26:29,596  INFO      httpx — HTTP Request: GET https://zuddl.my.salesforce.com/services/data/v59.0/query/0r8xx5VbVN0YO4MA0W-27000 "HTTP/1.1 200 OK"
2026-05-28 04:26:29,818  INFO      httpx — HTTP Request: GET https://zuddl.my.salesforce.com/services/data/v59.0/query/0r8xx5VbVN0YO4MA0W-27250 "HTTP/1.1 200 OK"
2026-05-28 04:26:30,221  INFO      sf_sync — sf: merged extra batch of 80 fields
2026-05-28 04:26:30,810  INFO      httpx — HTTP Request: GET https://zuddl.my.salesforce.com/services/data/v59.0/query?q=SELECT+Id%2C+Organizer_activation_bucket__c%2C+Adoption_score__c%2C+Expected_events_2026__c%2C+Replacing_platform_gong_data__c%2C+std_hybrid_events_created_all_time__c%2C+std_virtual_events_created_all_time__c%2C+std_combined_events_created_all_time__c%2C+One_Off_Event__c%2C+Last_Expansion_Pitch_Date__c%2C+use_case_gap__c%2C+Account_enriched_more_than_6_months_ago__c%2C+Event_types_from_prod__c%2C+Days_to_Renewal__c+FROM+Account+WHERE+IsDeleted+%3D+false "HTTP/1.1 200 OK"
2026-05-28 04:26:31,103  INFO      httpx — HTTP Request: GET https://zuddl.my.salesforce.com/services/data/v59.0/query/0r8xx5VbVfpHFcjAKG-2000 "HTTP/1.1 200 OK"
2026-05-28 04:26:31,382  INFO      httpx — HTTP Request: GET https://zuddl.my.salesforce.com/services/data/v59.0/query/0r8xx5VbVfpHFcjAKG-4000 "HTTP/1.1 200 OK"
2026-05-28 04:26:31,682  INFO      httpx — HTTP Request: GET https://zuddl.my.salesforce.com/services/data/v59.0/query/0r8xx5VbVfpHFcjAKG-6000 "HTTP/1.1 200 OK"
2026-05-28 04:26:32,003  INFO      httpx — HTTP Request: GET https://zuddl.my.salesforce.com/services/data/v59.0/query/0r8xx5VbVfpHFcjAKG-8000 "HTTP/1.1 200 OK"
2026-05-28 04:26:32,360  INFO      httpx — HTTP Request: GET https://zuddl.my.salesforce.com/services/data/v59.0/query/0r8xx5VbVfpHFcjAKG-10000 "HTTP/1.1 200 OK"
2026-05-28 04:26:32,652  INFO      httpx — HTTP Request: GET https://zuddl.my.salesforce.com/services/data/v59.0/query/0r8xx5VbVfpHFcjAKG-12000 "HTTP/1.1 200 OK"
2026-05-28 04:26:32,941  INFO      httpx — HTTP Request: GET https://zuddl.my.salesforce.com/services/data/v59.0/query/0r8xx5VbVfpHFcjAKG-14000 "HTTP/1.1 200 OK"
2026-05-28 04:26:33,228  INFO      httpx — HTTP Request: GET https://zuddl.my.salesforce.com/services/data/v59.0/query/0r8xx5VbVfpHFcjAKG-16000 "HTTP/1.1 200 OK"
2026-05-28 04:26:33,507  INFO      httpx — HTTP Request: GET https://zuddl.my.salesforce.com/services/data/v59.0/query/0r8xx5VbVfpHFcjAKG-18000 "HTTP/1.1 200 OK"
2026-05-28 04:26:33,793  INFO      httpx — HTTP Request: GET https://zuddl.my.salesforce.com/services/data/v59.0/query/0r8xx5VbVfpHFcjAKG-20000 "HTTP/1.1 200 OK"
2026-05-28 04:26:34,070  INFO      httpx — HTTP Request: GET https://zuddl.my.salesforce.com/services/data/v59.0/query/0r8xx5VbVfpHFcjAKG-22000 "HTTP/1.1 200 OK"
2026-05-28 04:26:34,370  INFO      httpx — HTTP Request: GET https://zuddl.my.salesforce.com/services/data/v59.0/query/0r8xx5VbVfpHFcjAKG-24000 "HTTP/1.1 200 OK"
2026-05-28 04:26:34,618  INFO      httpx — HTTP Request: GET https://zuddl.my.salesforce.com/services/data/v59.0/query/0r8xx5VbVfpHFcjAKG-26000 "HTTP/1.1 200 OK"
2026-05-28 04:26:34,792  INFO      sf_sync — sf: merged extra batch of 14 fields
2026-05-28 04:26:35,339  INFO      httpx — HTTP Request: GET https://gfpezoxueqsrotisojip.supabase.co/rest/v1/accounts?select=id&domain=eq.microsoft.com&limit=1 "HTTP/2 200 OK"
2026-05-28 04:26:35,516  INFO      httpx — HTTP Request: POST https://gfpezoxueqsrotisojip.supabase.co/rest/v1/sf_accounts?on_conflict=sf_id "HTTP/2 200 OK"
2026-05-28 04:26:35,644  INFO      httpx — HTTP Request: POST https://gfpezoxueqsrotisojip.supabase.co/rest/v1/sf_accounts_raw?on_conflict=sf_id "HTTP/2 200 OK"
2026-05-28 04:26:35,746  INFO      httpx — HTTP Request: GET https://gfpezoxueqsrotisojip.supabase.co/rest/v1/accounts?select=id&domain=eq.acronis.com&limit=1 "HTTP/2 200 OK"
2026-05-28 04:26:35,926  INFO      httpx — HTTP Request: POST https://gfpezoxueqsrotisojip.supabase.co/rest/v1/sf_accounts?on_conflict=sf_id "HTTP/2 200 OK"
2026-05-28 04:26:36,038  INFO      httpx — HTTP Request: POST https://gfpezoxueqsrotisojip.supabase.co/rest/v1/sf_accounts_raw?on_conflict=sf_id "HTTP/2 200 OK"
2026-05-28 04:26:36,150  INFO      httpx — HTTP Request: GET https://gfpezoxueqsrotisojip.supabase.co/rest/v1/accounts?select=id&domain=eq.unido.org&limit=1 "HTTP/2 200 OK"
2026-05-28 04:26:36,258  INFO      httpx — HTTP Request: POST https://gfpezoxueqsrotisojip.supabase.co/rest/v1/sf_accounts?on_conflict=sf_id "HTTP/2 200 OK"
2026-05-28 04:26:36,376  INFO      httpx — HTTP Request: POST https://gfpezoxueqsrotisojip.supabase.co/rest/v1/sf_accounts_raw?on_conflict=sf_id "HTTP/2 200 OK"
2026-05-28 04:26:36,474  INFO      httpx — HTTP Request: GET https://gfpezoxueqsrotisojip.supabase.co/rest/v1/accounts?select=id&domain=eq.iaea.org&limit=1 "HTTP/2 200 OK"
2026-05-28 04:26:36,594  INFO      httpx — HTTP Request: POST https://gfpezoxueqsrotisojip.supabase.co/rest/v1/sf_accounts?on_conflict=sf_id "HTTP/2 200 OK"
2026-05-28 04:26:36,706  INFO      httpx — HTTP Request: POST https://gfpezoxueqsrotisojip.supabase.co/rest/v1/sf_accounts_raw?on_conflict=sf_id "HTTP/2 200 OK"
2026-05-28 04:26:36,814  INFO      httpx — HTTP Request: GET https://gfpezoxueqsrotisojip.supabase.co/rest/v1/accounts?select=id&domain=eq.raiffeiseninformatik.at&limit=1 "HTTP/2 200 OK"
2026-05-28 04:26:36,919  INFO      httpx — HTTP Request: POST https://gfpezoxueqsrotisojip.supabase.co/rest/v1/sf_accounts?on_conflict=sf_id "HTTP/2 200 OK"
2026-05-28 04:26:37,035  INFO      httpx — HTTP Request: POST https://gfpezoxueqsrotisojip.supabase.co/rest/v1/sf_accounts_raw?on_conflict=sf_id "HTTP/2 200 OK"
2026-05-28 04:26:37,136  INFO      httpx — HTTP Request: GET https://gfpezoxueqsrotisojip.supabase.co/rest/v1/accounts?select=id&domain=eq.vznkul.be&limit=1 "HTTP/2 200 OK"
2026-05-28 04:26:37,255  INFO      httpx — HTTP Request: POST https://gfpezoxueqsrotisojip.supabase.co/rest/v1/sf_accounts?on_conflict=sf_id "HTTP/2 200 OK"
2026-05-28 04:26:37,360  INFO      httpx — HTTP Request: POST https://gfpezoxueqsrotisojip.supabase.co/rest/v1/sf_accounts_raw?on_conflict=sf_id "HTTP/2 200 OK"
2026-05-28 04:26:37,466  INFO      httpx — HTTP Request: GET https://gfpezoxueqsrotisojip.supabase.co/rest/v1/accounts?select=id&domain=eq.nato.int&limit=1 "HTTP/2 200 OK"
2026-05-28 04:26:37,575  INFO      httpx — HTTP Request: POST https://gfpezoxueqsrotisojip.supabase.co/rest/v1/sf_accounts?on_conflict=sf_id "HTTP/2 200 OK"
2026-05-28 04:26:37,692  INFO      httpx — HTTP Request: POST https://gfpezoxueqsrotisojip.supabase.co/rest/v1/sf_accounts_raw?on_conflict=sf_id "HTTP/2 200 OK"
2026-05-28 04:26:37,790  INFO      httpx — HTTP Request: GET https://gfpezoxueqsrotisojip.supabase.co/rest/v1/accounts?select=id&domain=eq.terumo-europe.com&limit=1 "HTTP/2 200 OK"
2026-05-28 04:26:37,905  INFO      httpx — HTTP Request: POST https://gfpezoxueqsrotisojip.supabase.co/rest/v1/sf_accounts?on_conflict=sf_id "HTTP/2 200 OK"
2026-05-28 04:26:38,017  INFO      httpx — HTTP Request: POST https://gfpezoxueqsrotisojip.supabase.co/rest/v1/sf_accounts_raw?on_conflict=sf_id "HTTP/2 200 OK"
2026-05-28 04:26:38,126  INFO      httpx — HTTP Request: GET https://gfpezoxueqsrotisojip.supabase.co/rest/v1/accounts?select=id&domain=eq.cegeka.com&limit=1 "HTTP/2 200 OK"
2026-05-28 04:26:38,229  INFO      httpx — HTTP Request: POST https://gfpezoxueqsrotisojip.supabase.co/rest/v1/sf_accounts?on_conflict=sf_id "HTTP/2 200 OK"
2026-05-28 04:26:38,343  INFO      httpx — HTTP Request: POST https://gfpezoxueqsrotisojip.supabase.co/rest/v1/sf_accounts_raw?on_conflict=sf_id "HTTP/2 200 OK"
2026-05-28 04:26:38,441  INFO      httpx — HTTP Request: GET https://gfpezoxueqsrotisojip.supabase.co/rest/v1/accounts?select=id&domain=eq.melexis.com&limit=1 "HTTP/2 200 OK"
2026-05-28 04:26:38,557  INFO      httpx — HTTP Request: POST https://gfpezoxueqsrotisojip.supabase.co/rest/v1/sf_accounts?on_conflict=sf_id "HTTP/2 200 OK"
2026-05-28 04:26:38,665  INFO      httpx — HTTP Request: POST https://gfpezoxueqsrotisojip.supabase.co/rest/v1/sf_accounts_raw?on_conflict=sf_id "HTTP/2 200 OK"
2026-05-28 04:26:38,771  INFO      httpx — HTTP Request: GET https://gfpezoxueqsrotisojip.supabase.co/rest/v1/accounts?select=id&domain=eq.ardo.com&limit=1 "HTTP/2 200 OK"
2026-05-28 04:26:38,881  INFO      httpx — HTTP Request: POST https://gfpezoxueqsrotisojip.supabase.co/rest/v1/sf_accounts?on_conflict=sf_id "HTTP/2 200 OK"
2026-05-28 04:26:38,998  INFO      httpx — HTTP Request: POST https://gfpezoxueqsrotisojip.supabase.co/rest/v1/sf_accounts_raw?on_conflict=sf_id "HTTP/2 200 OK"
2026-05-28 04:26:39,098  INFO      httpx — HTTP Request: GET https://gfpezoxueqsrotisojip.supabase.co/rest/v1/accounts?select=id&domain=eq.adata.com&limit=1 "HTTP/2 200 OK"
2026-05-28 04:26:39,229  INFO      httpx — HTTP Request: POST https://gfpezoxueqsrotisojip.supabase.co/rest/v1/sf_accounts?on_conflict=sf_id "HTTP/2 200 OK"
2026-05-28 04:26:39,336  INFO      httpx — HTTP Request: POST https://gfpezoxueqsrotisojip.supabase.co/rest/v1/sf_accounts_raw?on_conflict=sf_id "HTTP/2 200 OK"
2026-05-28 04:26:39,446  INFO      httpx — HTTP Request: GET https://gfpezoxueqsrotisojip.supabase.co/rest/v1/accounts?select=id&domain=eq.canva.com&limit=1 "HTTP/2 200 OK"
2026-05-28 04:26:39,553  INFO      httpx — HTTP Request: POST https://gfpezoxueqsrotisojip.supabase.co/rest/v1/sf_accounts?on_conflict=sf_id "HTTP/2 200 OK"
2026-05-28 04:26:39,674  INFO      httpx — HTTP Request: POST https://gfpezoxueqsrotisojip.supabase.co/rest/v1/sf_accounts_raw?on_conflict=sf_id "HTTP/2 200 OK"
2026-05-28 04:26:39,774  INFO      httpx — HTTP Request: GET https://gfpezoxueqsrotisojip.supabase.co/rest/v1/accounts?select=id&domain=eq.coforge.com&limit=1 "HTTP/2 200 OK"
2026-05-28 04:26:39,891  INFO      httpx — HTTP Request: POST https://gfpezoxueqsrotisojip.supabase.co/rest/v1/sf_accounts?on_conflict=sf_id "HTTP/2 200 OK"
2026-05-28 04:26:39,999  INFO      httpx — HTTP Request: POST https://gfpezoxueqsrotisojip.supabase.co/rest/v1/sf_accounts_raw?on_conflict=sf_id "HTTP/2 200 OK"
2026-05-28 04:26:40,111  INFO      httpx — HTTP Request: GET https://gfpezoxueqsrotisojip.supabase.co/rest/v1/accounts?select=id&domain=eq.lotusbakeries.com&limit=1 "HTTP/2 200 OK"
2026-05-28 04:26:40,219  INFO      httpx — HTTP Request: POST https://gfpezoxueqsrotisojip.supabase.co/rest/v1/sf_accounts?on_conflict=sf_id "HTTP/2 200 OK"
2026-05-28 04:26:40,337  INFO      httpx — HTTP Request: POST https://gfpezoxueqsrotisojip.supabase.co/rest/v1/sf_accounts_raw?on_conflict=sf_id "HTTP/2 200 OK"
2026-05-28 04:26:40,435  INFO      httpx — HTTP Request: GET https://gfpezoxueqsrotisojip.supabase.co/rest/v1/accounts?select=id&domain=eq.datacom.com&limit=1 "HTTP/2 200 OK"
2026-05-28 04:26:40,548  INFO      httpx — HTTP Request: POST https://gfpezoxueqsrotisojip.supabase.co/rest/v1/sf_accounts?on_conflict=sf_id "HTTP/2 200 OK"
2026-05-28 04:26:40,657  INFO      httpx — HTTP Request: POST https://gfpezoxueqsrotisojip.supabase.co/rest/v1/sf_accounts_raw?on_conflict=sf_id "HTTP/2 200 OK"
2026-05-28 04:26:40,768  INFO      httpx — HTTP Request: GET https://gfpezoxueqsrotisojip.supabase.co/rest/v1/accounts?select=id&domain=eq.clear2pay.com&limit=1 "HTTP/2 200 OK"
2026-05-28 04:26:40,875  INFO      httpx — HTTP Request: POST https://gfpezoxueqsrotisojip.supabase.co/rest/v1/sf_accounts?on_conflict=sf_id "HTTP/2 200 OK"
2026-05-28 04:26:40,989  INFO      httpx — HTTP Request: POST https://gfpezoxueqsrotisojip.supabase.co/rest/v1/sf_accounts_raw?on_conflict=sf_id "HTTP/2 200 OK"
2026-05-28 04:26:41,088  INFO      httpx — HTTP Request: GET https://gfpezoxueqsrotisojip.supabase.co/rest/v1/accounts?select=id&domain=eq.eclerx.com&limit=1 "HTTP/2 200 OK"
2026-05-28 04:26:41,204  INFO      httpx — HTTP Request: POST https://gfpezoxueqsrotisojip.supabase.co/rest/v1/sf_accounts?on_conflict=sf_id "HTTP/2 200 OK"
2026-05-28 04:26:41,311  INFO      httpx — HTTP Request: POST https://gfpezoxueqsrotisojip.supabase.co/rest/v1/sf_accounts_raw?on_conflict=sf_id "HTTP/2 200 OK"
2026-05-28 04:26:41,420  INFO      httpx — HTTP Request: GET https://gfpezoxueqsrotisojip.supabase.co/rest/v1/accounts?select=id&domain=eq.ento.com&limit=1 "HTTP/2 200 OK"
2026-05-28 04:26:41,663  INFO      httpx — HTTP Request: POST https://gfpezoxueqsrotisojip.supabase.co/rest/v1/sf_accounts?on_conflict=sf_id "HTTP/2 200 OK"
2026-05-28 04:26:41,777  INFO      httpx — HTTP Request: POST https://gfpezoxueqsrotisojip.supabase.co/rest/v1/sf_accounts_raw?on_conflict=sf_id "HTTP/2 200 OK"
2026-05-28 04:26:41,875  INFO      httpx — HTTP Request: GET https://gfpezoxueqsrotisojip.supabase.co/rest/v1/accounts?select=id&domain=eq.odoo.com&limit=1 "HTTP/2 200 OK"
2026-05-28 04:26:41,991  INFO      httpx — HTTP Request: POST https://gfpezoxueqsrotisojip.supabase.co/rest/v1/sf_accounts?on_conflict=sf_id "HTTP/2 200 OK"
2026-05-28 04:26:42,103  INFO      httpx — HTTP Request: POST https://gfpezoxueqsrotisojip.supabase.co/rest/v1/sf_accounts_raw?on_conflict=sf_id "HTTP/2 200 OK"
2026-05-28 04:26:42,211  INFO      httpx — HTTP Request: GET https://gfpezoxueqsrotisojip.supabase.co/rest/v1/accounts?select=id&domain=eq.hireup.com.au&limit=1 "HTTP/2 200 OK"
2026-05-28 04:26:42,315  INFO      httpx — HTTP Request: POST https://gfpezoxueqsrotisojip.supabase.co/rest/v1/sf_accounts?on_conflict=sf_id "HTTP/2 200 OK"
2026-05-28 04:26:42,432  INFO      httpx — HTTP Request: POST https://gfpezoxueqsrotisojip.supabase.co/rest/v1/sf_accounts_raw?on_conflict=sf_id "HTTP/2 200 OK"
2026-05-28 04:26:42,532  INFO      httpx — HTTP Request: GET https://gfpezoxueqsrotisojip.supabase.co/rest/v1/accounts?select=id&domain=eq.huvepharma.com&limit=1 "HTTP/2 200 OK"
2026-05-28 04:26:42,650  INFO      httpx — HTTP Request: POST https://gfpezoxueqsrotisojip.supabase.co/rest/v1/sf_accounts?on_conflict=sf_id "HTTP/2 200 OK"
2026-05-28 04:26:42,755  INFO      httpx — HTTP Request: POST https://gfpezoxueqsrotisojip.supabase.co/rest/v1/sf_accounts_raw?on_conflict=sf_id "HTTP/2 200 OK"
2026-05-28 04:26:42,862  INFO      httpx — HTTP Request: GET https://gfpezoxueqsrotisojip.supabase.co/rest/v1/accounts?select=id&domain=eq.justdial.com&limit=1 "HTTP/2 200 OK"
2026-05-28 04:26:42,968  INFO      httpx — HTTP Request: POST https://gfpezoxueqsrotisojip.supabase.co/rest/v1/sf_accounts?on_conflict=sf_id "HTTP/2 200 OK"
2026-05-28 04:26:43,082  INFO      httpx — HTTP Request: POST https://gfpezoxueqsrotisojip.supabase.co/rest/v1/sf_accounts_raw?on_conflict=sf_id "HTTP/2 200 OK"
2026-05-28 04:26:43,182  INFO      httpx — HTTP Request: GET https://gfpezoxueqsrotisojip.supabase.co/rest/v1/accounts?select=id&domain=eq.kaartech.com&limit=1 "HTTP/2 200 OK"
2026-05-28 04:26:43,295  INFO      httpx — HTTP Request: POST https://gfpezoxueqsrotisojip.supabase.co/rest/v1/sf_accounts?on_conflict=sf_id "HTTP/2 200 OK"
2026-05-28 04:26:43,399  INFO      httpx — HTTP Request: POST https://gfpezoxueqsrotisojip.supabase.co/rest/v1/sf_accounts_raw?on_conflict=sf_id "HTTP/2 200 OK"
2026-05-28 04:26:43,507  INFO      httpx — HTTP Request: GET https://gfpezoxueqsrotisojip.supabase.co/rest/v1/accounts?select=id&domain=eq.ibagroupit.com&limit=1 "HTTP/2 200 OK"
2026-05-28 04:26:43,613  INFO      httpx — HTTP Request: POST https://gfpezoxueqsrotisojip.supabase.co/rest/v1/sf_accounts?on_conflict=sf_id "HTTP/2 200 OK"
2026-05-28 04:26:43,730  INFO      httpx — HTTP Request: POST https://gfpezoxueqsrotisojip.supabase.co/rest/v1/sf_accounts_raw?on_conflict=sf_id "HTTP/2 200 OK"
2026-05-28 04:26:43,839  INFO      httpx — HTTP Request: GET https://gfpezoxueqsrotisojip.supabase.co/rest/v1/accounts?select=id&domain=eq.monsterindia.com&limit=1 "HTTP/2 200 OK"
2026-05-28 04:26:43,964  INFO      httpx — HTTP Request: POST https://gfpezoxueqsrotisojip.supabase.co/rest/v1/sf_accounts?on_conflict=sf_id "HTTP/2 200 OK"
2026-05-28 04:26:44,069  INFO      httpx — HTTP Request: POST https://gfpezoxueqsrotisojip.supabase.co/rest/v1/sf_accounts_raw?on_conflict=sf_id "HTTP/2 200 OK"
2026-05-28 04:26:44,179  INFO      httpx — HTTP Request: GET https://gfpezoxueqsrotisojip.supabase.co/rest/v1/accounts?select=id&domain=eq.mphasis.com&limit=1 "HTTP/2 200 OK"
2026-05-28 04:26:44,285  INFO      httpx — HTTP Request: POST https://gfpezoxueqsrotisojip.supabase.co/rest/v1/sf_accounts?on_conflict=sf_id "HTTP/2 200 OK"
2026-05-28 04:26:44,402  INFO      httpx — HTTP Request: POST https://gfpezoxueqsrotisojip.supabase.co/rest/v1/sf_accounts_raw?on_conflict=sf_id "HTTP/2 200 OK"
2026-05-28 04:26:44,502  INFO      httpx — HTTP Request: GET https://gfpezoxueqsrotisojip.supabase.co/rest/v1/accounts?select=id&domain=eq.netmagicsolutions.com&limit=1 "HTTP/2 200 OK"
2026-05-28 04:26:44,617  INFO      httpx — HTTP Request: POST https://gfpezoxueqsrotisojip.supabase.co/rest/v1/sf_accounts?on_conflict=sf_id "HTTP/2 200 OK"
2026-05-28 04:26:44,722  INFO      httpx — HTTP Request: POST https://gfpezoxueqsrotisojip.supabase.co/rest/v1/sf_accounts_raw?on_conflict=sf_id "HTTP/2 200 OK"
2026-05-28 04:26:44,831  INFO      httpx — HTTP Request: GET https://gfpezoxueqsrotisojip.supabase.co/rest/v1/accounts?select=id&domain=eq.nexthink.com&limit=1 "HTTP/2 200 OK"
2026-05-28 04:26:44,939  INFO      httpx — HTTP Request: POST https://gfpezoxueqsrotisojip.supabase.co/rest/v1/sf_accounts?on_conflict=sf_id "HTTP/2 200 OK"
2026-05-28 04:26:45,056  INFO      httpx — HTTP Request: POST https://gfpezoxueqsrotisojip.supabase.co/rest/v1/sf_accounts_raw?on_conflict=sf_id "HTTP/2 200 OK"
2026-05-28 04:26:45,157  INFO      httpx — HTTP Request: GET https://gfpezoxueqsrotisojip.supabase.co/rest/v1/accounts?select=id&domain=eq.one97.com&limit=1 "HTTP/2 200 OK"
2026-05-28 04:26:45,272  INFO      httpx — HTTP Request: POST https://gfpezoxueqsrotisojip.supabase.co/rest/v1/sf_accounts?on_conflict=sf_id "HTTP/2 200 OK"
2026-05-28 04:26:45,380  INFO      httpx — HTTP Request: POST https://gfpezoxueqsrotisojip.supabase.co/rest/v1/sf_accounts_raw?on_conflict=sf_id "HTTP/2 200 OK"
2026-05-28 04:26:45,489  INFO      httpx — HTTP Request: GET https://gfpezoxueqsrotisojip.supabase.co/rest/v1/accounts?select=id&domain=eq.phonepe.com&limit=1 "HTTP/2 200 OK"
2026-05-28 04:26:45,593  INFO      httpx — HTTP Request: POST https://gfpezoxueqsrotisojip.supabase.co/rest/v1/sf_accounts?on_conflict=sf_id "HTTP/2 200 OK"
2026-05-28 04:26:45,708  INFO      httpx — HTTP Request: POST https://gfpezoxueqsrotisojip.supabase.co/rest/v1/sf_accounts_raw?on_conflict=sf_id "HTTP/2 200 OK"
2026-05-28 04:26:45,809  INFO      httpx — HTTP Request: GET https://gfpezoxueqsrotisojip.supabase.co/rest/v1/accounts?select=id&domain=eq.rategain.com&limit=1 "HTTP/2 200 OK"
2026-05-28 04:26:45,926  INFO      httpx — HTTP Request: POST https://gfpezoxueqsrotisojip.supabase.co/rest/v1/sf_accounts?on_conflict=sf_id "HTTP/2 200 OK"
2026-05-28 04:26:46,031  INFO      httpx — HTTP Request: POST https://gfpezoxueqsrotisojip.supabase.co/rest/v1/sf_accounts_raw?on_conflict=sf_id "HTTP/2 200 OK"
2026-05-28 04:26:46,141  INFO      httpx — HTTP Request: GET https://gfpezoxueqsrotisojip.supabase.co/rest/v1/accounts?select=id&domain=eq.siteminder.com&limit=1 "HTTP/2 200 OK"
2026-05-28 04:26:46,244  INFO      httpx — HTTP Request: POST https://gfpezoxueqsrotisojip.supabase.co/rest/v1/sf_accounts?on_conflict=sf_id "HTTP/2 200 OK"
2026-05-28 04:26:46,362  INFO      httpx — HTTP Request: POST https://gfpezoxueqsrotisojip.supabase.co/rest/v1/sf_accounts_raw?on_conflict=sf_id "HTTP/2 200 OK"
2026-05-28 04:26:46,462  INFO      httpx — HTTP Request: GET https://gfpezoxueqsrotisojip.supabase.co/rest/v1/accounts?select=id&domain=eq.uhg.com.au&limit=1 "HTTP/2 200 OK"
2026-05-28 04:26:46,574  INFO      httpx — HTTP Request: POST https://gfpezoxueqsrotisojip.supabase.co/rest/v1/sf_accounts?on_conflict=sf_id "HTTP/2 200 OK"
2026-05-28 04:26:46,678  INFO      httpx — HTTP Request: POST https://gfpezoxueqsrotisojip.supabase.co/rest/v1/sf_accounts_raw?on_conflict=sf_id "HTTP/2 200 OK"
2026-05-28 04:26:46,785  INFO      httpx — HTTP Request: GET https://gfpezoxueqsrotisojip.supabase.co/rest/v1/accounts?select=id&domain=eq.avast.com&limit=1 "HTTP/2 200 OK"
2026-05-28 04:26:46,896  INFO      httpx — HTTP Request: POST https://gfpezoxueqsrotisojip.supabase.co/rest/v1/sf_accounts?on_conflict=sf_id "HTTP/2 200 OK"
2026-05-28 04:26:47,102  INFO      httpx — HTTP Request: POST https://gfpezoxueqsrotisojip.supabase.co/rest/v1/sf_accounts_raw?on_conflict=sf_id "HTTP/2 200 OK"
2026-05-28 04:26:47,423  INFO      httpx — HTTP Request: GET https://gfpezoxueqsrotisojip.supabase.co/rest/v1/accounts?select=id&domain=eq.dtu.dk&limit=1 "HTTP/2 200 OK"
2026-05-28 04:26:47,536  INFO      httpx — HTTP Request: POST https://gfpezoxueqsrotisojip.supabase.co/rest/v1/sf_accounts?on_conflict=sf_id "HTTP/2 200 OK"
2026-05-28 04:26:47,646  INFO      httpx — HTTP Request: POST https://gfpezoxueqsrotisojip.supabase.co/rest/v1/sf_accounts_raw?on_conflict=sf_id "HTTP/2 200 OK"
2026-05-28 04:26:47,756  INFO      httpx — HTTP Request: GET https://gfpezoxueqsrotisojip.supabase.co/rest/v1/accounts?select=id&domain=eq.vvdntech.com&limit=1 "HTTP/2 200 OK"
2026-05-28 04:26:47,863  INFO      httpx — HTTP Request: POST https://gfpezoxueqsrotisojip.supabase.co/rest/v1/sf_accounts?on_conflict=sf_id "HTTP/2 200 OK"
2026-05-28 04:26:47,978  INFO      httpx — HTTP Request: POST https://gfpezoxueqsrotisojip.supabase.co/rest/v1/sf_accounts_raw?on_conflict=sf_id "HTTP/2 200 OK"
2026-05-28 04:26:48,078  INFO      httpx — HTTP Request: GET https://gfpezoxueqsrotisojip.supabase.co/rest/v1/accounts?select=id&domain=eq.webcentral.com.au&limit=1 "HTTP/2 200 OK"
2026-05-28 04:26:48,192  INFO      httpx — HTTP Request: POST https://gfpezoxueqsrotisojip.supabase.co/rest/v1/sf_accounts?on_conflict=sf_id "HTTP/2 200 OK"
2026-05-28 04:26:48,298  INFO      httpx — HTTP Request: POST https://gfpezoxueqsrotisojip.supabase.co/rest/v1/sf_accounts_raw?on_conflict=sf_id "HTTP/2 200 OK"
2026-05-28 04:26:48,412  INFO      httpx — HTTP Request: GET https://gfpezoxueqsrotisojip.supabase.co/rest/v1/accounts?select=id&domain=eq.xero.com&limit=1 "HTTP/2 200 OK"
2026-05-28 04:26:48,516  INFO      httpx — HTTP Request: POST https://gfpezoxueqsrotisojip.supabase.co/rest/v1/sf_accounts?on_conflict=sf_id "HTTP/2 200 OK"
2026-05-28 04:26:48,631  INFO      httpx — HTTP Request: POST https://gfpezoxueqsrotisojip.supabase.co/rest/v1/sf_accounts_raw?on_conflict=sf_id "HTTP/2 200 OK"
2026-05-28 04:26:48,732  INFO      httpx — HTTP Request: GET https://gfpezoxueqsrotisojip.supabase.co/rest/v1/accounts?select=id&domain=eq.zensar.com&limit=1 "HTTP/2 200 OK"
2026-05-28 04:26:48,844  INFO      httpx — HTTP Request: POST https://gfpezoxueqsrotisojip.supabase.co/rest/v1/sf_accounts?on_conflict=sf_id "HTTP/2 200 OK"
2026-05-28 04:26:48,947  INFO      httpx — HTTP Request: POST https://gfpezoxueqsrotisojip.supabase.co/rest/v1/sf_accounts_raw?on_conflict=sf_id "HTTP/2 200 OK"
2026-05-28 04:26:49,056  INFO      httpx — HTTP Request: GET https://gfpezoxueqsrotisojip.supabase.co/rest/v1/accounts?select=id&domain=eq.anu.edu.au&limit=1 "HTTP/2 200 OK"
2026-05-28 04:26:49,160  INFO      httpx — HTTP Request: POST https://gfpezoxueqsrotisojip.supabase.co/rest/v1/sf_accounts?on_conflict=sf_id "HTTP/2 200 OK"
2026-05-28 04:26:49,275  INFO      httpx — HTTP Request: POST https://gfpezoxueqsrotisojip.supabase.co/rest/v1/sf_accounts_raw?on_conflict=sf_id "HTTP/2 200 OK"
2026-05-28 04:26:49,379  INFO      httpx — HTTP Request: GET https://gfpezoxueqsrotisojip.supabase.co/rest/v1/accounts?select=id&domain=eq.ku.dk&limit=1 "HTTP/2 200 OK"
2026-05-28 04:26:49,493  INFO      httpx — HTTP Request: POST https://gfpezoxueqsrotisojip.supabase.co/rest/v1/sf_accounts?on_conflict=sf_id "HTTP/2 200 OK"
2026-05-28 04:26:49,598  INFO      httpx — HTTP Request: POST https://gfpezoxueqsrotisojip.supabase.co/rest/v1/sf_accounts_raw?on_conflict=sf_id "HTTP/2 200 OK"
2026-05-28 04:26:49,706  INFO      httpx — HTTP Request: GET https://gfpezoxueqsrotisojip.supabase.co/rest/v1/accounts?select=id&domain=eq.aut.ac.nz&limit=1 "HTTP/2 200 OK"
2026-05-28 04:26:49,811  INFO      httpx — HTTP Request: POST https://gfpezoxueqsrotisojip.supabase.co/rest/v1/sf_accounts?on_conflict=sf_id "HTTP/2 200 OK"
2026-05-28 04:26:49,929  INFO      httpx — HTTP Request: POST https://gfpezoxueqsrotisojip.supabase.co/rest/v1/sf_accounts_raw?on_conflict=sf_id "HTTP/2 200 OK"
2026-05-28 04:26:50,030  INFO      httpx — HTTP Request: GET https://gfpezoxueqsrotisojip.supabase.co/rest/v1/accounts?select=id&domain=eq.ireus.nus.edu.sg&limit=1 "HTTP/2 200 OK"
2026-05-28 04:26:50,144  INFO      httpx — HTTP Request: POST https://gfpezoxueqsrotisojip.supabase.co/rest/v1/sf_accounts?on_conflict=sf_id "HTTP/2 200 OK"
2026-05-28 04:26:50,249  INFO      httpx — HTTP Request: POST https://gfpezoxueqsrotisojip.supabase.co/rest/v1/sf_accounts_raw?on_conflict=sf_id "HTTP/2 200 OK"
2026-05-28 04:26:50,361  INFO      httpx — HTTP Request: GET https://gfpezoxueqsrotisojip.supabase.co/rest/v1/accounts?select=id&domain=eq.simcorp.com&limit=1 "HTTP/2 200 OK"
2026-05-28 04:26:50,467  INFO      httpx — HTTP Request: POST https://gfpezoxueqsrotisojip.supabase.co/rest/v1/sf_accounts?on_conflict=sf_id "HTTP/2 200 OK"
2026-05-28 04:26:50,583  INFO      httpx — HTTP Request: POST https://gfpezoxueqsrotisojip.supabase.co/rest/v1/sf_accounts_raw?on_conflict=sf_id "HTTP/2 200 OK"
2026-05-28 04:26:50,683  INFO      httpx — HTTP Request: GET https://gfpezoxueqsrotisojip.supabase.co/rest/v1/accounts?select=id&domain=eq.ambu.com&limit=1 "HTTP/2 200 OK"
2026-05-28 04:26:50,800  INFO      httpx — HTTP Request: POST https://gfpezoxueqsrotisojip.supabase.co/rest/v1/sf_accounts?on_conflict=sf_id "HTTP/2 200 OK"
2026-05-28 04:26:50,909  INFO      httpx — HTTP Request: POST https://gfpezoxueqsrotisojip.supabase.co/rest/v1/sf_accounts_raw?on_conflict=sf_id "HTTP/2 200 OK"
2026-05-28 04:26:51,017  INFO      httpx — HTTP Request: GET https://gfpezoxueqsrotisojip.supabase.co/rest/v1/accounts?select=id&domain=eq.kmd.dk&limit=1 "HTTP/2 200 OK"
2026-05-28 04:26:51,119  INFO      httpx — HTTP Request: POST https://gfpezoxueqsrotisojip.supabase.co/rest/v1/sf_accounts?on_conflict=sf_id "HTTP/2 200 OK"
2026-05-28 04:26:51,235  INFO      httpx — HTTP Request: POST https://gfpezoxueqsrotisojip.supabase.co/rest/v1/sf_accounts_raw?on_conflict=sf_id "HTTP/2 200 OK"
2026-05-28 04:26:51,332  INFO      httpx — HTTP Request: GET https://gfpezoxueqsrotisojip.supabase.co/rest/v1/accounts?select=id&domain=eq.deltek.com&limit=1 "HTTP/2 200 OK"
2026-05-28 04:26:51,447  INFO      httpx — HTTP Request: POST https://gfpezoxueqsrotisojip.supabase.co/rest/v1/sf_accounts?on_conflict=sf_id "HTTP/2 200 OK"
2026-05-28 04:26:51,553  INFO      httpx — HTTP Request: POST https://gfpezoxueqsrotisojip.supabase.co/rest/v1/sf_accounts_raw?on_conflict=sf_id "HTTP/2 200 OK"
2026-05-28 04:26:51,659  INFO      httpx — HTTP Request: GET https://gfpezoxueqsrotisojip.supabase.co/rest/v1/accounts?select=id&domain=eq.dat-schaub.com&limit=1 "HTTP/2 200 OK"
2026-05-28 04:26:51,763  INFO      httpx — HTTP Request: POST https://gfpezoxueqsrotisojip.supabase.co/rest/v1/sf_accounts?on_conflict=sf_id "HTTP/2 200 OK"
2026-05-28 04:26:51,879  INFO      httpx — HTTP Request: POST https://gfpezoxueqsrotisojip.supabase.co/rest/v1/sf_accounts_raw?on_conflict=sf_id "HTTP/2 200 OK"
2026-05-28 04:26:51,978  INFO      httpx — HTTP Request: GET https://gfpezoxueqsrotisojip.supabase.co/rest/v1/accounts?select=id&domain=eq.bakkafrost.com&limit=1 "HTTP/2 200 OK"
2026-05-28 04:26:52,092  INFO      httpx — HTTP Request: POST https://gfpezoxueqsrotisojip.supabase.co/rest/v1/sf_accounts?on_conflict=sf_id "HTTP/2 200 OK"
2026-05-28 04:26:52,201  INFO      httpx — HTTP Request: POST https://gfpezoxueqsrotisojip.supabase.co/rest/v1/sf_accounts_raw?on_conflict=sf_id "HTTP/2 200 OK"
2026-05-28 04:26:52,308  INFO      httpx — HTTP Request: GET https://gfpezoxueqsrotisojip.supabase.co/rest/v1/accounts?select=id&domain=eq.planmeca.com&limit=1 "HTTP/2 200 OK"
2026-05-28 04:26:52,415  INFO      httpx — HTTP Request: POST https://gfpezoxueqsrotisojip.supabase.co/rest/v1/sf_accounts?on_conflict=sf_id "HTTP/2 200 OK"
2026-05-28 04:26:52,531  INFO      httpx — HTTP Request: POST https://gfpezoxueqsrotisojip.supabase.co/rest/v1/sf_accounts_raw?on_conflict=sf_id "HTTP/2 200 OK"
2026-05-28 04:26:52,629  INFO      httpx — HTTP Request: GET https://gfpezoxueqsrotisojip.supabase.co/rest/v1/accounts?select=id&domain=eq.eltelnetworks.com&limit=1 "HTTP/2 200 OK"
2026-05-28 04:26:52,741  INFO      httpx — HTTP Request: POST https://gfpezoxueqsrotisojip.supabase.co/rest/v1/sf_accounts?on_conflict=sf_id "HTTP/2 200 OK"
2026-05-28 04:26:52,846  INFO      httpx — HTTP Request: POST https://gfpezoxueqsrotisojip.supabase.co/rest/v1/sf_accounts_raw?on_conflict=sf_id "HTTP/2 200 OK"
2026-05-28 04:26:52,954  INFO      httpx — HTTP Request: GET https://gfpezoxueqsrotisojip.supabase.co/rest/v1/accounts?select=id&domain=eq.contentsquare.com&limit=1 "HTTP/2 200 OK"
2026-05-28 04:26:53,060  INFO      httpx — HTTP Request: POST https://gfpezoxueqsrotisojip.supabase.co/rest/v1/sf_accounts?on_conflict=sf_id "HTTP/2 200 OK"
2026-05-28 04:26:53,175  INFO      httpx — HTTP Request: POST https://gfpezoxueqsrotisojip.supabase.co/rest/v1/sf_accounts_raw?on_conflict=sf_id "HTTP/2 200 OK"
2026-05-28 04:26:53,274  INFO      httpx — HTTP Request: GET https://gfpezoxueqsrotisojip.supabase.co/rest/v1/accounts?select=id&domain=eq.monash.edu.au&limit=1 "HTTP/2 200 OK"
2026-05-28 04:26:53,393  INFO      httpx — HTTP Request: POST https://gfpezoxueqsrotisojip.supabase.co/rest/v1/sf_accounts?on_conflict=sf_id "HTTP/2 200 OK"
2026-05-28 04:26:53,499  INFO      httpx — HTTP Request: POST https://gfpezoxueqsrotisojip.supabase.co/rest/v1/sf_accounts_raw?on_conflict=sf_id "HTTP/2 200 OK"
2026-05-28 04:26:53,607  INFO      httpx — HTTP Request: GET https://gfpezoxueqsrotisojip.supabase.co/rest/v1/accounts?select=id&domain=eq.upmc.fr&limit=1 "HTTP/2 200 OK"
2026-05-28 04:26:53,708  INFO      httpx — HTTP Request: POST https://gfpezoxueqsrotisojip.supabase.co/rest/v1/sf_accounts?on_conflict=sf_id "HTTP/2 200 OK"
2026-05-28 04:26:53,824  INFO      httpx — HTTP Request: POST https://gfpezoxueqsrotisojip.supabase.co/rest/v1/sf_accounts_raw?on_conflict=sf_id "HTTP/2 200 OK"
2026-05-28 04:26:53,926  INFO      httpx — HTTP Request: GET https://gfpezoxueqsrotisojip.supabase.co/rest/v1/accounts?select=id&domain=eq.en.unesco.org&limit=1 "HTTP/2 200 OK"
2026-05-28 04:26:54,042  INFO      httpx — HTTP Request: POST https://gfpezoxueqsrotisojip.supabase.co/rest/v1/sf_accounts?on_conflict=sf_id "HTTP/2 200 OK"
2026-05-28 04:26:54,149  INFO      httpx — HTTP Request: POST https://gfpezoxueqsrotisojip.supabase.co/rest/v1/sf_accounts_raw?on_conflict=sf_id "HTTP/2 200 OK"
2026-05-28 04:26:54,257  INFO      httpx — HTTP Request: GET https://gfpezoxueqsrotisojip.supabase.co/rest/v1/accounts?select=id&domain=eq.msu.ru&limit=1 "HTTP/2 200 OK"
2026-05-28 04:26:54,364  INFO      httpx — HTTP Request: POST https://gfpezoxueqsrotisojip.supabase.co/rest/v1/sf_accounts?on_conflict=sf_id "HTTP/2 200 OK"
2026-05-28 04:26:54,481  INFO      httpx — HTTP Request: POST https://gfpezoxueqsrotisojip.supabase.co/rest/v1/sf_accounts_raw?on_conflict=sf_id "HTTP/2 200 OK"
2026-05-28 04:26:54,579  INFO      httpx — HTTP Request: GET https://gfpezoxueqsrotisojip.supabase.co/rest/v1/accounts?select=id&domain=eq.uzh.ch&limit=1 "HTTP/2 200 OK"
2026-05-28 04:26:54,692  INFO      httpx — HTTP Request: POST https://gfpezoxueqsrotisojip.supabase.co/rest/v1/sf_accounts?on_conflict=sf_id "HTTP/2 200 OK"
2026-05-28 04:26:54,799  INFO      httpx — HTTP Request: POST https://gfpezoxueqsrotisojip.supabase.co/rest/v1/sf_accounts_raw?on_conflict=sf_id "HTTP/2 200 OK"
2026-05-28 04:26:54,906  INFO      httpx — HTTP Request: GET https://gfpezoxueqsrotisojip.supabase.co/rest/v1/accounts?select=id&domain=eq.oecd.org&limit=1 "HTTP/2 200 OK"
2026-05-28 04:26:55,011  INFO      httpx — HTTP Request: POST https://gfpezoxueqsrotisojip.supabase.co/rest/v1/sf_accounts?on_conflict=sf_id "HTTP/2 200 OK"
2026-05-28 04:26:55,127  INFO      httpx — HTTP Request: POST https://gfpezoxueqsrotisojip.supabase.co/rest/v1/sf_accounts_raw?on_conflict=sf_id "HTTP/2 200 OK"
2026-05-28 04:26:55,226  INFO      httpx — HTTP Request: GET https://gfpezoxueqsrotisojip.supabase.co/rest/v1/accounts?select=id&domain=eq.pku.edu.cn&limit=1 "HTTP/2 200 OK"
2026-05-28 04:26:55,341  INFO      httpx — HTTP Request: POST https://gfpezoxueqsrotisojip.supabase.co/rest/v1/sf_accounts?on_conflict=sf_id "HTTP/2 200 OK"
2026-05-28 04:26:55,447  INFO      httpx — HTTP Request: POST https://gfpezoxueqsrotisojip.supabase.co/rest/v1/sf_accounts_raw?on_conflict=sf_id "HTTP/2 200 OK"
2026-05-28 04:26:55,556  INFO      httpx — HTTP Request: GET https://gfpezoxueqsrotisojip.supabase.co/rest/v1/accounts?select=id&domain=eq.ihei.yonsei.ac.kr&limit=1 "HTTP/2 200 OK"
2026-05-28 04:26:55,663  INFO      httpx — HTTP Request: POST https://gfpezoxueqsrotisojip.supabase.co/rest/v1/sf_accounts?on_conflict=sf_id "HTTP/2 200 OK"
2026-05-28 04:26:55,785  INFO      httpx — HTTP Request: POST https://gfpezoxueqsrotisojip.supabase.co/rest/v1/sf_accounts_raw?on_conflict=sf_id "HTTP/2 200 OK"
2026-05-28 04:26:55,885  INFO      httpx — HTTP Request: GET https://gfpezoxueqsrotisojip.supabase.co/rest/v1/accounts?select=id&domain=eq.iccwbo.org&limit=1 "HTTP/2 200 OK"
2026-05-28 04:26:56,000  INFO      httpx — HTTP Request: POST https://gfpezoxueqsrotisojip.supabase.co/rest/v1/sf_accounts?on_conflict=sf_id "HTTP/2 200 OK"
2026-05-28 04:26:56,106  INFO      httpx — HTTP Request: POST https://gfpezoxueqsrotisojip.supabase.co/rest/v1/sf_accounts_raw?on_conflict=sf_id "HTTP/2 200 OK"
2026-05-28 04:26:56,214  INFO      httpx — HTTP Request: GET https://gfpezoxueqsrotisojip.supabase.co/rest/v1/accounts?select=id&domain=eq.sofrecom.com&limit=1 "HTTP/2 200 OK"
2026-05-28 04:26:56,324  INFO      httpx — HTTP Request: POST https://gfpezoxueqsrotisojip.supabase.co/rest/v1/sf_accounts?on_conflict=sf_id "HTTP/2 200 OK"
2026-05-28 04:26:56,439  INFO      httpx — HTTP Request: POST https://gfpezoxueqsrotisojip.supabase.co/rest/v1/sf_accounts_raw?on_conflict=sf_id "HTTP/2 200 OK"
2026-05-28 04:26:56,539  INFO      httpx — HTTP Request: GET https://gfpezoxueqsrotisojip.supabase.co/rest/v1/accounts?select=id&domain=eq.cegedim.com&limit=1 "HTTP/2 200 OK"
2026-05-28 04:26:56,654  INFO      httpx — HTTP Request: POST https://gfpezoxueqsrotisojip.supabase.co/rest/v1/sf_accounts?on_conflict=sf_id "HTTP/2 200 OK"
2026-05-28 04:26:56,760  INFO      httpx — HTTP Request: POST https://gfpezoxueqsrotisojip.supabase.co/rest/v1/sf_accounts_raw?on_conflict=sf_id "HTTP/2 200 OK"
2026-05-28 04:26:56,867  INFO      httpx — HTTP Request: GET https://gfpezoxueqsrotisojip.supabase.co/rest/v1/accounts?select=id&domain=eq.everience.com&limit=1 "HTTP/2 200 OK"
2026-05-28 04:26:56,972  INFO      httpx — HTTP Request: POST https://gfpezoxueqsrotisojip.supabase.co/rest/v1/sf_accounts?on_conflict=sf_id "HTTP/2 200 OK"
2026-05-28 04:26:57,094  INFO      httpx — HTTP Request: POST https://gfpezoxueqsrotisojip.supabase.co/rest/v1/sf_accounts_raw?on_conflict=sf_id "HTTP/2 200 OK"
2026-05-28 04:26:57,197  INFO      httpx — HTTP Request: GET https://gfpezoxueqsrotisojip.supabase.co/rest/v1/accounts?select=id&domain=eq.tsinghua.edu.cn&limit=1 "HTTP/2 200 OK"
2026-05-28 04:26:57,312  INFO      httpx — HTTP Request: POST https://gfpezoxueqsrotisojip.supabase.co/rest/v1/sf_accounts?on_conflict=sf_id "HTTP/2 200 OK"
2026-05-28 04:26:57,421  INFO      httpx — HTTP Request: POST https://gfpezoxueqsrotisojip.supabase.co/rest/v1/sf_accounts_raw?on_conflict=sf_id "HTTP/2 200 OK"
2026-05-28 04:26:57,528  INFO      httpx — HTTP Request: GET https://gfpezoxueqsrotisojip.supabase.co/rest/v1/accounts?select=id&domain=eq.zju.edu.cn&limit=1 "HTTP/2 200 OK"
2026-05-28 04:26:57,633  INFO      httpx — HTTP Request: POST https://gfpezoxueqsrotisojip.supabase.co/rest/v1/sf_accounts?on_conflict=sf_id "HTTP/2 200 OK"
2026-05-28 04:26:57,747  INFO      httpx — HTTP Request: POST https://gfpezoxueqsrotisojip.supabase.co/rest/v1/sf_accounts_raw?on_conflict=sf_id "HTTP/2 200 OK"
2026-05-28 04:26:57,847  INFO      httpx — HTTP Request: GET https://gfpezoxueqsrotisojip.supabase.co/rest/v1/accounts?select=id&domain=eq.unimelb.edu.au&limit=1 "HTTP/2 200 OK"
2026-05-28 04:26:57,962  INFO      httpx — HTTP Request: POST https://gfpezoxueqsrotisojip.supabase.co/rest/v1/sf_accounts?on_conflict=sf_id "HTTP/2 200 OK"
2026-05-28 04:26:58,070  INFO      httpx — HTTP Request: POST https://gfpezoxueqsrotisojip.supabase.co/rest/v1/sf_accounts_raw?on_conflict=sf_id "HTTP/2 200 OK"
2026-05-28 04:26:58,178  INFO      httpx — HTTP Request: GET https://gfpezoxueqsrotisojip.supabase.co/rest/v1/accounts?select=id&domain=eq.uq.edu.au&limit=1 "HTTP/2 200 OK"
2026-05-28 04:26:58,283  INFO      httpx — HTTP Request: POST https://gfpezoxueqsrotisojip.supabase.co/rest/v1/sf_accounts?on_conflict=sf_id "HTTP/2 200 OK"
2026-05-28 04:26:58,398  INFO      httpx — HTTP Request: POST https://gfpezoxueqsrotisojip.supabase.co/rest/v1/sf_accounts_raw?on_conflict=sf_id "HTTP/2 200 OK"
2026-05-28 04:26:58,497  INFO      httpx — HTTP Request: GET https://gfpezoxueqsrotisojip.supabase.co/rest/v1/accounts?select=id&domain=eq.sydney.edu.au&limit=1 "HTTP/2 200 OK"
2026-05-28 04:26:58,610  INFO      httpx — HTTP Request: POST https://gfpezoxueqsrotisojip.supabase.co/rest/v1/sf_accounts?on_conflict=sf_id "HTTP/2 200 OK"
2026-05-28 04:26:58,718  INFO      httpx — HTTP Request: POST https://gfpezoxueqsrotisojip.supabase.co/rest/v1/sf_accounts_raw?on_conflict=sf_id "HTTP/2 200 OK"
2026-05-28 04:26:58,826  INFO      httpx — HTTP Request: GET https://gfpezoxueqsrotisojip.supabase.co/rest/v1/accounts?select=id&domain=eq.uwa.edu.au&limit=1 "HTTP/2 200 OK"
2026-05-28 04:26:58,930  INFO      httpx — HTTP Request: POST https://gfpezoxueqsrotisojip.supabase.co/rest/v1/sf_accounts?on_conflict=sf_id "HTTP/2 200 OK"
2026-05-28 04:26:59,046  INFO      httpx — HTTP Request: POST https://gfpezoxueqsrotisojip.supabase.co/rest/v1/sf_accounts_raw?on_conflict=sf_id "HTTP/2 200 OK"
2026-05-28 04:26:59,145  INFO      httpx — HTTP Request: GET https://gfpezoxueqsrotisojip.supabase.co/rest/v1/accounts?select=id&domain=eq.cegid.com&limit=1 "HTTP/2 200 OK"
2026-05-28 04:26:59,264  INFO      httpx — HTTP Request: POST https://gfpezoxueqsrotisojip.supabase.co/rest/v1/sf_accounts?on_conflict=sf_id "HTTP/2 200 OK"
2026-05-28 04:26:59,373  INFO      httpx — HTTP Request: POST https://gfpezoxueqsrotisojip.supabase.co/rest/v1/sf_accounts_raw?on_conflict=sf_id "HTTP/2 200 OK"
2026-05-28 04:26:59,480  INFO      httpx — HTTP Request: GET https://gfpezoxueqsrotisojip.supabase.co/rest/v1/accounts?select=id&domain=eq.docaposte.com&limit=1 "HTTP/2 200 OK"
2026-05-28 04:26:59,585  INFO      httpx — HTTP Request: POST https://gfpezoxueqsrotisojip.supabase.co/rest/v1/sf_accounts?on_conflict=sf_id "HTTP/2 200 OK"
2026-05-28 04:26:59,700  INFO      httpx — HTTP Request: POST https://gfpezoxueqsrotisojip.supabase.co/rest/v1/sf_accounts_raw?on_conflict=sf_id "HTTP/2 200 OK"
2026-05-28 04:26:59,798  INFO      httpx — HTTP Request: GET https://gfpezoxueqsrotisojip.supabase.co/rest/v1/accounts?select=id&domain=eq.soitec.com&limit=1 "HTTP/2 200 OK"
2026-05-28 04:26:59,917  INFO      httpx — HTTP Request: POST https://gfpezoxueqsrotisojip.supabase.co/rest/v1/sf_accounts?on_conflict=sf_id "HTTP/2 200 OK"
2026-05-28 04:27:00,029  INFO      httpx — HTTP Request: POST https://gfpezoxueqsrotisojip.supabase.co/rest/v1/sf_accounts_raw?on_conflict=sf_id "HTTP/2 200 OK"
2026-05-28 04:27:00,138  INFO      httpx — HTTP Request: GET https://gfpezoxueqsrotisojip.supabase.co/rest/v1/accounts?select=id&domain=eq.murex.com&limit=1 "HTTP/2 200 OK"
2026-05-28 04:27:00,244  INFO      httpx — HTTP Request: POST https://gfpezoxueqsrotisojip.supabase.co/rest/v1/sf_accounts?on_conflict=sf_id "HTTP/2 200 OK"
2026-05-28 04:27:00,363  INFO      httpx — HTTP Request: POST https://gfpezoxueqsrotisojip.supabase.co/rest/v1/sf_accounts_raw?on_conflict=sf_id "HTTP/2 200 OK"
2026-05-28 04:27:00,461  INFO      httpx — HTTP Request: GET https://gfpezoxueqsrotisojip.supabase.co/rest/v1/accounts?select=id&domain=eq.devoteam.com&limit=1 "HTTP/2 200 OK"
2026-05-28 04:27:00,577  INFO      httpx — HTTP Request: POST https://gfpezoxueqsrotisojip.supabase.co/rest/v1/sf_accounts?on_conflict=sf_id "HTTP/2 200 OK"
2026-05-28 04:27:00,683  INFO      httpx — HTTP Request: POST https://gfpezoxueqsrotisojip.supabase.co/rest/v1/sf_accounts_raw?on_conflict=sf_id "HTTP/2 200 OK"
2026-05-28 04:27:00,793  INFO      httpx — HTTP Request: GET https://gfpezoxueqsrotisojip.supabase.co/rest/v1/accounts?select=id&domain=eq.infopro-digital.com&limit=1 "HTTP/2 200 OK"
2026-05-28 04:27:00,897  INFO      httpx — HTTP Request: POST https://gfpezoxueqsrotisojip.supabase.co/rest/v1/sf_accounts?on_conflict=sf_id "HTTP/2 200 OK"
2026-05-28 04:27:01,017  INFO      httpx — HTTP Request: POST https://gfpezoxueqsrotisojip.supabase.co/rest/v1/sf_accounts_raw?on_conflict=sf_id "HTTP/2 200 OK"
2026-05-28 04:27:01,118  INFO      httpx — HTTP Request: GET https://gfpezoxueqsrotisojip.supabase.co/rest/v1/accounts?select=id&domain=eq.up.coop&limit=1 "HTTP/2 200 OK"
2026-05-28 04:27:01,233  INFO      httpx — HTTP Request: POST https://gfpezoxueqsrotisojip.supabase.co/rest/v1/sf_accounts?on_conflict=sf_id "HTTP/2 200 OK"
2026-05-28 04:27:01,340  INFO      httpx — HTTP Request: POST https://gfpezoxueqsrotisojip.supabase.co/rest/v1/sf_accounts_raw?on_conflict=sf_id "HTTP/2 200 OK"
2026-05-28 04:27:01,451  INFO      httpx — HTTP Request: GET https://gfpezoxueqsrotisojip.supabase.co/rest/v1/accounts?select=id&domain=eq.alten.fr&limit=1 "HTTP/2 200 OK"
2026-05-28 04:27:01,555  INFO      httpx — HTTP Request: POST https://gfpezoxueqsrotisojip.supabase.co/rest/v1/sf_accounts?on_conflict=sf_id "HTTP/2 200 OK"
2026-05-28 04:27:01,673  INFO      httpx — HTTP Request: POST https://gfpezoxueqsrotisojip.supabase.co/rest/v1/sf_accounts_raw?on_conflict=sf_id "HTTP/2 200 OK"
2026-05-28 04:27:01,772  INFO      httpx — HTTP Request: GET https://gfpezoxueqsrotisojip.supabase.co/rest/v1/accounts?select=id&domain=eq.aubay.com&limit=1 "HTTP/2 200 OK"
2026-05-28 04:27:01,888  INFO      httpx — HTTP Request: POST https://gfpezoxueqsrotisojip.supabase.co/rest/v1/sf_accounts?on_conflict=sf_id "HTTP/2 200 OK"
2026-05-28 04:27:02,003  INFO      httpx — HTTP Request: POST https://gfpezoxueqsrotisojip.supabase.co/rest/v1/sf_accounts_raw?on_conflict=sf_id "HTTP/2 200 OK"
2026-05-28 04:27:02,111  INFO      httpx — HTTP Request: GET https://gfpezoxueqsrotisojip.supabase.co/rest/v1/accounts?select=id&domain=eq.econocom.com&limit=1 "HTTP/2 200 OK"
2026-05-28 04:27:02,216  INFO      httpx — HTTP Request: POST https://gfpezoxueqsrotisojip.supabase.co/rest/v1/sf_accounts?on_conflict=sf_id "HTTP/2 200 OK"
2026-05-28 04:27:02,333  INFO      httpx — HTTP Request: POST https://gfpezoxueqsrotisojip.supabase.co/rest/v1/sf_accounts_raw?on_conflict=sf_id "HTTP/2 200 OK"
2026-05-28 04:27:02,433  INFO      httpx — HTTP Request: GET https://gfpezoxueqsrotisojip.supabase.co/rest/v1/accounts?select=id&domain=eq.wix.com&limit=1 "HTTP/2 200 OK"
2026-05-28 04:27:02,551  INFO      httpx — HTTP Request: POST https://gfpezoxueqsrotisojip.supabase.co/rest/v1/sf_accounts?on_conflict=sf_id "HTTP/2 200 OK"
2026-05-28 04:27:02,661  INFO      httpx — HTTP Request: POST https://gfpezoxueqsrotisojip.supabase.co/rest/v1/sf_accounts_raw?on_conflict=sf_id "HTTP/2 200 OK"
2026-05-28 04:27:02,770  INFO      httpx — HTTP Request: GET https://gfpezoxueqsrotisojip.supabase.co/rest/v1/accounts?select=id&domain=eq.exclusive-networks.com&limit=1 "HTTP/2 200 OK"
2026-05-28 04:27:02,875  INFO      httpx — HTTP Request: POST https://gfpezoxueqsrotisojip.supabase.co/rest/v1/sf_accounts?on_conflict=sf_id "HTTP/2 200 OK"
2026-05-28 04:27:02,992  INFO      httpx — HTTP Request: POST https://gfpezoxueqsrotisojip.supabase.co/rest/v1/sf_accounts_raw?on_conflict=sf_id "HTTP/2 200 OK"
2026-05-28 04:27:03,092  INFO      httpx — HTTP Request: GET https://gfpezoxueqsrotisojip.supabase.co/rest/v1/accounts?select=id&domain=eq.talan.com&limit=1 "HTTP/2 200 OK"
2026-05-28 04:27:03,207  INFO      httpx — HTTP Request: POST https://gfpezoxueqsrotisojip.supabase.co/rest/v1/sf_accounts?on_conflict=sf_id "HTTP/2 200 OK"
2026-05-28 04:27:03,317  INFO      httpx — HTTP Request: POST https://gfpezoxueqsrotisojip.supabase.co/rest/v1/sf_accounts_raw?on_conflict=sf_id "HTTP/2 200 OK"
2026-05-28 04:27:03,424  INFO      httpx — HTTP Request: GET https://gfpezoxueqsrotisojip.supabase.co/rest/v1/accounts?select=id&domain=eq.se.com&limit=1 "HTTP/2 200 OK"
2026-05-28 04:27:03,532  INFO      httpx — HTTP Request: POST https://gfpezoxueqsrotisojip.supabase.co/rest/v1/sf_accounts?on_conflict=sf_id "HTTP/2 200 OK"
2026-05-28 04:27:03,650  INFO      httpx — HTTP Request: POST https://gfpezoxueqsrotisojip.supabase.co/rest/v1/sf_accounts_raw?on_conflict=sf_id "HTTP/2 200 OK"
2026-05-28 04:27:03,750  INFO      httpx — HTTP Request: GET https://gfpezoxueqsrotisojip.supabase.co/rest/v1/accounts?select=id&domain=eq.msf.org&limit=1 "HTTP/2 200 OK"
2026-05-28 04:27:03,865  INFO      httpx — HTTP Request: POST https://gfpezoxueqsrotisojip.supabase.co/rest/v1/sf_accounts?on_conflict=sf_id "HTTP/2 200 OK"
2026-05-28 04:27:03,974  INFO      httpx — HTTP Request: POST https://gfpezoxueqsrotisojip.supabase.co/rest/v1/sf_accounts_raw?on_conflict=sf_id "HTTP/2 200 OK"
2026-05-28 04:27:04,082  INFO      httpx — HTTP Request: GET https://gfpezoxueqsrotisojip.supabase.co/rest/v1/accounts?select=id&domain=eq.iucn.org&limit=1 "HTTP/2 200 OK"
2026-05-28 04:27:04,185  INFO      httpx — HTTP Request: POST https://gfpezoxueqsrotisojip.supabase.co/rest/v1/sf_accounts?on_conflict=sf_id "HTTP/2 200 OK"
2026-05-28 04:27:04,296  INFO      httpx — HTTP Request: POST https://gfpezoxueqsrotisojip.supabase.co/rest/v1/sf_accounts_raw?on_conflict=sf_id "HTTP/2 200 OK"
2026-05-28 04:27:04,395  INFO      httpx — HTTP Request: GET https://gfpezoxueqsrotisojip.supabase.co/rest/v1/accounts?select=id&domain=eq.ficci.com&limit=1 "HTTP/2 200 OK"
2026-05-28 04:27:04,511  INFO      httpx — HTTP Request: POST https://gfpezoxueqsrotisojip.supabase.co/rest/v1/sf_accounts?on_conflict=sf_id "HTTP/2 200 OK"
2026-05-28 04:27:04,615  INFO      httpx — HTTP Request: POST https://gfpezoxueqsrotisojip.supabase.co/rest/v1/sf_accounts_raw?on_conflict=sf_id "HTTP/2 200 OK"
2026-05-28 04:27:04,723  INFO      httpx — HTTP Request: GET https://gfpezoxueqsrotisojip.supabase.co/rest/v1/accounts?select=id&domain=eq.assocham.org&limit=1 "HTTP/2 200 OK"
2026-05-28 04:27:04,826  INFO      httpx — HTTP Request: POST https://gfpezoxueqsrotisojip.supabase.co/rest/v1/sf_accounts?on_conflict=sf_id "HTTP/2 200 OK"
2026-05-28 04:27:04,942  INFO      httpx — HTTP Request: POST https://gfpezoxueqsrotisojip.supabase.co/rest/v1/sf_accounts_raw?on_conflict=sf_id "HTTP/2 200 OK"
2026-05-28 04:27:05,046  INFO      httpx — HTTP Request: GET https://gfpezoxueqsrotisojip.supabase.co/rest/v1/accounts?select=id&domain=eq.unctad.org&limit=1 "HTTP/2 200 OK"
2026-05-28 04:27:05,159  INFO      httpx — HTTP Request: POST https://gfpezoxueqsrotisojip.supabase.co/rest/v1/sf_accounts?on_conflict=sf_id "HTTP/2 200 OK"
2026-05-28 04:27:05,263  INFO      httpx — HTTP Request: POST https://gfpezoxueqsrotisojip.supabase.co/rest/v1/sf_accounts_raw?on_conflict=sf_id "HTTP/2 200 OK"
2026-05-28 04:27:05,369  INFO      httpx — HTTP Request: GET https://gfpezoxueqsrotisojip.supabase.co/rest/v1/accounts?select=id&domain=eq.who.int&limit=1 "HTTP/2 200 OK"
2026-05-28 04:27:05,471  INFO      httpx — HTTP Request: POST https://gfpezoxueqsrotisojip.supabase.co/rest/v1/sf_accounts?on_conflict=sf_id "HTTP/2 200 OK"
2026-05-28 04:27:05,590  INFO      httpx — HTTP Request: POST https://gfpezoxueqsrotisojip.supabase.co/rest/v1/sf_accounts_raw?on_conflict=sf_id "HTTP/2 200 OK"
2026-05-28 04:27:05,690  INFO      httpx — HTTP Request: GET https://gfpezoxueqsrotisojip.supabase.co/rest/v1/accounts?select=id&domain=eq.ilo.org&limit=1 "HTTP/2 200 OK"
2026-05-28 04:27:05,804  INFO      httpx — HTTP Request: POST https://gfpezoxueqsrotisojip.supabase.co/rest/v1/sf_accounts?on_conflict=sf_id "HTTP/2 200 OK"
2026-05-28 04:27:05,909  INFO      httpx — HTTP Request: POST https://gfpezoxueqsrotisojip.supabase.co/rest/v1/sf_accounts_raw?on_conflict=sf_id "HTTP/2 200 OK"
2026-05-28 04:27:06,017  INFO      httpx — HTTP Request: GET https://gfpezoxueqsrotisojip.supabase.co/rest/v1/accounts?select=id&domain=eq.icrc.org&limit=1 "HTTP/2 200 OK"
2026-05-28 04:27:06,122  INFO      httpx — HTTP Request: POST https://gfpezoxueqsrotisojip.supabase.co/rest/v1/sf_accounts?on_conflict=sf_id "HTTP/2 200 OK"
2026-05-28 04:27:06,241  INFO      httpx — HTTP Request: POST https://gfpezoxueqsrotisojip.supabase.co/rest/v1/sf_accounts_raw?on_conflict=sf_id "HTTP/2 200 OK"
2026-05-28 04:27:06,341  INFO      httpx — HTTP Request: GET https://gfpezoxueqsrotisojip.supabase.co/rest/v1/accounts?select=id&domain=eq.wto.org&limit=1 "HTTP/2 200 OK"
2026-05-28 04:27:06,463  INFO      httpx — HTTP Request: POST https://gfpezoxueqsrotisojip.supabase.co/rest/v1/sf_accounts?on_conflict=sf_id "HTTP/2 200 OK"
2026-05-28 04:27:06,571  INFO      httpx — HTTP Request: POST https://gfpezoxueqsrotisojip.supabase.co/rest/v1/sf_accounts_raw?on_conflict=sf_id "HTTP/2 200 OK"
2026-05-28 04:27:06,683  INFO      httpx — HTTP Request: GET https://gfpezoxueqsrotisojip.supabase.co/rest/v1/accounts?select=id&domain=eq.public.wmo.int&limit=1 "HTTP/2 200 OK"
2026-05-28 04:27:06,787  INFO      httpx — HTTP Request: POST https://gfpezoxueqsrotisojip.supabase.co/rest/v1/sf_accounts?on_conflict=sf_id "HTTP/2 200 OK"
2026-05-28 04:27:06,906  INFO      httpx — HTTP Request: POST https://gfpezoxueqsrotisojip.supabase.co/rest/v1/sf_accounts_raw?on_conflict=sf_id "HTTP/2 200 OK"
2026-05-28 04:27:07,006  INFO      httpx — HTTP Request: GET https://gfpezoxueqsrotisojip.supabase.co/rest/v1/accounts?select=id&domain=eq.wipo.int&limit=1 "HTTP/2 200 OK"
2026-05-28 04:27:07,121  INFO      httpx — HTTP Request: POST https://gfpezoxueqsrotisojip.supabase.co/rest/v1/sf_accounts?on_conflict=sf_id "HTTP/2 200 OK"
2026-05-28 04:27:07,227  INFO      httpx — HTTP Request: POST https://gfpezoxueqsrotisojip.supabase.co/rest/v1/sf_accounts_raw?on_conflict=sf_id "HTTP/2 200 OK"
2026-05-28 04:27:07,335  INFO      httpx — HTTP Request: GET https://gfpezoxueqsrotisojip.supabase.co/rest/v1/accounts?select=id&domain=eq.iso.org&limit=1 "HTTP/2 200 OK"
2026-05-28 04:27:07,439  INFO      httpx — HTTP Request: POST https://gfpezoxueqsrotisojip.supabase.co/rest/v1/sf_accounts?on_conflict=sf_id "HTTP/2 200 OK"
2026-05-28 04:27:07,556  INFO      httpx — HTTP Request: POST https://gfpezoxueqsrotisojip.supabase.co/rest/v1/sf_accounts_raw?on_conflict=sf_id "HTTP/2 200 OK"
2026-05-28 04:27:07,657  INFO      httpx — HTTP Request: GET https://gfpezoxueqsrotisojip.supabase.co/rest/v1/accounts?select=id&domain=eq.smile.eu&limit=1 "HTTP/2 200 OK"
2026-05-28 04:27:07,774  INFO      httpx — HTTP Request: POST https://gfpezoxueqsrotisojip.supabase.co/rest/v1/sf_accounts?on_conflict=sf_id "HTTP/2 200 OK"
2026-05-28 04:27:07,882  INFO      httpx — HTTP Request: POST https://gfpezoxueqsrotisojip.supabase.co/rest/v1/sf_accounts_raw?on_conflict=sf_id "HTTP/2 200 OK"
2026-05-28 04:27:07,989  INFO      httpx — HTTP Request: GET https://gfpezoxueqsrotisojip.supabase.co/rest/v1/accounts?select=id&domain=eq.babbel.com&limit=1 "HTTP/2 200 OK"
2026-05-28 04:27:08,096  INFO      httpx — HTTP Request: POST https://gfpezoxueqsrotisojip.supabase.co/rest/v1/sf_accounts?on_conflict=sf_id "HTTP/2 200 OK"
2026-05-28 04:27:08,210  INFO      httpx — HTTP Request: POST https://gfpezoxueqsrotisojip.supabase.co/rest/v1/sf_accounts_raw?on_conflict=sf_id "HTTP/2 200 OK"
2026-05-28 04:27:08,311  INFO      httpx — HTTP Request: GET https://gfpezoxueqsrotisojip.supabase.co/rest/v1/accounts?select=id&domain=eq.trivago.com&limit=1 "HTTP/2 200 OK"
2026-05-28 04:27:08,428  INFO      httpx — HTTP Request: POST https://gfpezoxueqsrotisojip.supabase.co/rest/v1/sf_accounts?on_conflict=sf_id "HTTP/2 200 OK"
2026-05-28 04:27:08,533  INFO      httpx — HTTP Request: POST https://gfpezoxueqsrotisojip.supabase.co/rest/v1/sf_accounts_raw?on_conflict=sf_id "HTTP/2 200 OK"
2026-05-28 04:27:08,639  INFO      httpx — HTTP Request: GET https://gfpezoxueqsrotisojip.supabase.co/rest/v1/accounts?select=id&domain=eq.utimaco.com&limit=1 "HTTP/2 200 OK"
2026-05-28 04:27:08,745  INFO      httpx — HTTP Request: POST https://gfpezoxueqsrotisojip.supabase.co/rest/v1/sf_accounts?on_conflict=sf_id "HTTP/2 200 OK"
2026-05-28 04:27:08,859  INFO      httpx — HTTP Request: POST https://gfpezoxueqsrotisojip.supabase.co/rest/v1/sf_accounts_raw?on_conflict=sf_id "HTTP/2 200 OK"
2026-05-28 04:27:08,957  INFO      httpx — HTTP Request: GET https://gfpezoxueqsrotisojip.supabase.co/rest/v1/accounts?select=id&domain=eq.tum.de&limit=1 "HTTP/2 200 OK"
2026-05-28 04:27:09,069  INFO      httpx — HTTP Request: POST https://gfpezoxueqsrotisojip.supabase.co/rest/v1/sf_accounts?on_conflict=sf_id "HTTP/2 200 OK"
2026-05-28 04:27:09,175  INFO      httpx — HTTP Request: POST https://gfpezoxueqsrotisojip.supabase.co/rest/v1/sf_accounts_raw?on_conflict=sf_id "HTTP/2 200 OK"
2026-05-28 04:27:09,284  INFO      httpx — HTTP Request: GET https://gfpezoxueqsrotisojip.supabase.co/rest/v1/accounts?select=id&domain=eq.upu.int&limit=1 "HTTP/2 200 OK"
2026-05-28 04:27:09,387  INFO      httpx — HTTP Request: POST https://gfpezoxueqsrotisojip.supabase.co/rest/v1/sf_accounts?on_conflict=sf_id "HTTP/2 200 OK"
2026-05-28 04:27:09,501  INFO      httpx — HTTP Request: POST https://gfpezoxueqsrotisojip.supabase.co/rest/v1/sf_accounts_raw?on_conflict=sf_id "HTTP/2 200 OK"
2026-05-28 04:27:09,600  INFO      httpx — HTTP Request: GET https://gfpezoxueqsrotisojip.supabase.co/rest/v1/accounts?select=id&domain=eq.transparency.org&limit=1 "HTTP/2 200 OK"
2026-05-28 04:27:09,713  INFO      httpx — HTTP Request: POST https://gfpezoxueqsrotisojip.supabase.co/rest/v1/sf_accounts?on_conflict=sf_id "HTTP/2 200 OK"
2026-05-28 04:27:09,818  INFO      httpx — HTTP Request: POST https://gfpezoxueqsrotisojip.supabase.co/rest/v1/sf_accounts_raw?on_conflict=sf_id "HTTP/2 200 OK"
2026-05-28 04:27:09,925  INFO      httpx — HTTP Request: GET https://gfpezoxueqsrotisojip.supabase.co/rest/v1/accounts?select=id&domain=eq.nagarro.com&limit=1 "HTTP/2 200 OK"
2026-05-28 04:27:10,030  INFO      httpx — HTTP Request: POST https://gfpezoxueqsrotisojip.supabase.co/rest/v1/sf_accounts?on_conflict=sf_id "HTTP/2 200 OK"
2026-05-28 04:27:10,148  INFO      httpx — HTTP Request: POST https://gfpezoxueqsrotisojip.supabase.co/rest/v1/sf_accounts_raw?on_conflict=sf_id "HTTP/2 200 OK"
2026-05-28 04:27:10,247  INFO      httpx — HTTP Request: GET https://gfpezoxueqsrotisojip.supabase.co/rest/v1/accounts?select=id&domain=eq.lhsystems.com&limit=1 "HTTP/2 200 OK"
2026-05-28 04:27:10,360  INFO      httpx — HTTP Request: POST https://gfpezoxueqsrotisojip.supabase.co/rest/v1/sf_accounts?on_conflict=sf_id "HTTP/2 200 OK"
2026-05-28 04:27:10,465  INFO      httpx — HTTP Request: POST https://gfpezoxueqsrotisojip.supabase.co/rest/v1/sf_accounts_raw?on_conflict=sf_id "HTTP/2 200 OK"
2026-05-28 04:27:10,573  INFO      httpx — HTTP Request: GET https://gfpezoxueqsrotisojip.supabase.co/rest/v1/accounts?select=id&domain=eq.hipp.de&limit=1 "HTTP/2 200 OK"
2026-05-28 04:27:10,683  INFO      httpx — HTTP Request: POST https://gfpezoxueqsrotisojip.supabase.co/rest/v1/sf_accounts?on_conflict=sf_id "HTTP/2 200 OK"
2026-05-28 04:27:10,801  INFO      httpx — HTTP Request: POST https://gfpezoxueqsrotisojip.supabase.co/rest/v1/sf_accounts_raw?on_conflict=sf_id "HTTP/2 200 OK"
2026-05-28 04:27:10,902  INFO      httpx — HTTP Request: GET https://gfpezoxueqsrotisojip.supabase.co/rest/v1/accounts?select=id&domain=eq.weforum.org&limit=1 "HTTP/2 200 OK"
2026-05-28 04:27:11,017  INFO      httpx — HTTP Request: POST https://gfpezoxueqsrotisojip.supabase.co/rest/v1/sf_accounts?on_conflict=sf_id "HTTP/2 200 OK"
2026-05-28 04:27:11,124  INFO      httpx — HTTP Request: POST https://gfpezoxueqsrotisojip.supabase.co/rest/v1/sf_accounts_raw?on_conflict=sf_id "HTTP/2 200 OK"
2026-05-28 04:27:11,231  INFO      httpx — HTTP Request: GET https://gfpezoxueqsrotisojip.supabase.co/rest/v1/accounts?select=id&domain=eq.gelita.com&limit=1 "HTTP/2 200 OK"
2026-05-28 04:27:11,335  INFO      httpx — HTTP Request: POST https://gfpezoxueqsrotisojip.supabase.co/rest/v1/sf_accounts?on_conflict=sf_id "HTTP/2 200 OK"
2026-05-28 04:27:11,449  INFO      httpx — HTTP Request: POST https://gfpezoxueqsrotisojip.supabase.co/rest/v1/sf_accounts_raw?on_conflict=sf_id "HTTP/2 200 OK"
2026-05-28 04:27:11,550  INFO      httpx — HTTP Request: GET https://gfpezoxueqsrotisojip.supabase.co/rest/v1/accounts?select=id&domain=eq.olympic.org&limit=1 "HTTP/2 200 OK"
2026-05-28 04:27:11,663  INFO      httpx — HTTP Request: POST https://gfpezoxueqsrotisojip.supabase.co/rest/v1/sf_accounts?on_conflict=sf_id "HTTP/2 200 OK"
2026-05-28 04:27:11,770  INFO      httpx — HTTP Request: POST https://gfpezoxueqsrotisojip.supabase.co/rest/v1/sf_accounts_raw?on_conflict=sf_id "HTTP/2 200 OK"
2026-05-28 04:27:11,881  INFO      httpx — HTTP Request: GET https://gfpezoxueqsrotisojip.supabase.co/rest/v1/accounts?select=id&domain=eq.ebu.ch&limit=1 "HTTP/2 200 OK"
2026-05-28 04:27:11,989  INFO      httpx — HTTP Request: POST https://gfpezoxueqsrotisojip.supabase.co/rest/v1/sf_accounts?on_conflict=sf_id "HTTP/2 200 OK"
2026-05-28 04:27:12,104  INFO      httpx — HTTP Request: POST https://gfpezoxueqsrotisojip.supabase.co/rest/v1/sf_accounts_raw?on_conflict=sf_id "HTTP/2 200 OK"
2026-05-28 04:27:12,213  INFO      httpx — HTTP Request: GET https://gfpezoxueqsrotisojip.supabase.co/rest/v1/accounts?select=id&domain=eq.ireks.com&limit=1 "HTTP/2 200 OK"
2026-05-28 04:27:12,332  INFO      httpx — HTTP Request: POST https://gfpezoxueqsrotisojip.supabase.co/rest/v1/sf_accounts?on_conflict=sf_id "HTTP/2 200 OK"
2026-05-28 04:27:12,439  INFO      httpx — HTTP Request: POST https://gfpezoxueqsrotisojip.supabase.co/rest/v1/sf_accounts_raw?on_conflict=sf_id "HTTP/2 200 OK"
2026-05-28 04:27:12,547  INFO      httpx — HTTP Request: GET https://gfpezoxueqsrotisojip.supabase.co/rest/v1/accounts?select=id&domain=eq.opensuse.org&limit=1 "HTTP/2 200 OK"
2026-05-28 04:27:12,652  INFO      httpx — HTTP Request: POST https://gfpezoxueqsrotisojip.supabase.co/rest/v1/sf_accounts?on_conflict=sf_id "HTTP/2 200 OK"
2026-05-28 04:27:12,766  INFO      httpx — HTTP Request: POST https://gfpezoxueqsrotisojip.supabase.co/rest/v1/sf_accounts_raw?on_conflict=sf_id "HTTP/2 200 OK"
2026-05-28 04:27:12,866  INFO      httpx — HTTP Request: GET https://gfpezoxueqsrotisojip.supabase.co/rest/v1/accounts?select=id&domain=eq.adva.com&limit=1 "HTTP/2 200 OK"
2026-05-28 04:27:12,982  INFO      httpx — HTTP Request: POST https://gfpezoxueqsrotisojip.supabase.co/rest/v1/sf_accounts?on_conflict=sf_id "HTTP/2 200 OK"
2026-05-28 04:27:13,088  INFO      httpx — HTTP Request: POST https://gfpezoxueqsrotisojip.supabase.co/rest/v1/sf_accounts_raw?on_conflict=sf_id "HTTP/2 200 OK"
2026-05-28 04:27:13,202  INFO      httpx — HTTP Request: GET https://gfpezoxueqsrotisojip.supabase.co/rest/v1/accounts?select=id&domain=eq.infoedge.in&limit=1 "HTTP/2 200 OK"
2026-05-28 04:27:13,307  INFO      httpx — HTTP Request: POST https://gfpezoxueqsrotisojip.supabase.co/rest/v1/sf_accounts?on_conflict=sf_id "HTTP/2 200 OK"
2026-05-28 04:27:13,422  INFO      httpx — HTTP Request: POST https://gfpezoxueqsrotisojip.supabase.co/rest/v1/sf_accounts_raw?on_conflict=sf_id "HTTP/2 200 OK"
2026-05-28 04:27:13,520  INFO      httpx — HTTP Request: GET https://gfpezoxueqsrotisojip.supabase.co/rest/v1/accounts?select=id&domain=eq.eppendorf.com&limit=1 "HTTP/2 200 OK"
2026-05-28 04:27:13,635  INFO      httpx — HTTP Request: POST https://gfpezoxueqsrotisojip.supabase.co/rest/v1/sf_accounts?on_conflict=sf_id "HTTP/2 200 OK"
2026-05-28 04:27:13,740  INFO      httpx — HTTP Request: POST https://gfpezoxueqsrotisojip.supabase.co/rest/v1/sf_accounts_raw?on_conflict=sf_id "HTTP/2 200 OK"
2026-05-28 04:27:13,849  INFO      httpx — HTTP Request: GET https://gfpezoxueqsrotisojip.supabase.co/rest/v1/accounts?select=id&domain=eq.bundesdruckerei.de&limit=1 "HTTP/2 200 OK"
2026-05-28 04:27:13,953  INFO      httpx — HTTP Request: POST https://gfpezoxueqsrotisojip.supabase.co/rest/v1/sf_accounts?on_conflict=sf_id "HTTP/2 200 OK"
2026-05-28 04:27:14,066  INFO      httpx — HTTP Request: POST https://gfpezoxueqsrotisojip.supabase.co/rest/v1/sf_accounts_raw?on_conflict=sf_id "HTTP/2 200 OK"
2026-05-28 04:27:14,165  INFO      httpx — HTTP Request: GET https://gfpezoxueqsrotisojip.supabase.co/rest/v1/accounts?select=id&domain=eq.sinocare.com&limit=1 "HTTP/2 200 OK"
2026-05-28 04:27:14,282  INFO      httpx — HTTP Request: POST https://gfpezoxueqsrotisojip.supabase.co/rest/v1/sf_accounts?on_conflict=sf_id "HTTP/2 200 OK"
2026-05-28 04:27:14,389  INFO      httpx — HTTP Request: POST https://gfpezoxueqsrotisojip.supabase.co/rest/v1/sf_accounts_raw?on_conflict=sf_id "HTTP/2 200 OK"
2026-05-28 04:27:14,498  INFO      httpx — HTTP Request: GET https://gfpezoxueqsrotisojip.supabase.co/rest/v1/accounts?select=id&domain=eq.grab.com&limit=1 "HTTP/2 200 OK"
2026-05-28 04:27:14,609  INFO      httpx — HTTP Request: POST https://gfpezoxueqsrotisojip.supabase.co/rest/v1/sf_accounts?on_conflict=sf_id "HTTP/2 200 OK"
2026-05-28 04:27:14,723  INFO      httpx — HTTP Request: POST https://gfpezoxueqsrotisojip.supabase.co/rest/v1/sf_accounts_raw?on_conflict=sf_id "HTTP/2 200 OK"
2026-05-28 04:27:14,822  INFO      httpx — HTTP Request: GET https://gfpezoxueqsrotisojip.supabase.co/rest/v1/accounts?select=id&domain=eq.pwo-group.com&limit=1 "HTTP/2 200 OK"
2026-05-28 04:27:14,935  INFO      httpx — HTTP Request: POST https://gfpezoxueqsrotisojip.supabase.co/rest/v1/sf_accounts?on_conflict=sf_id "HTTP/2 200 OK"
2026-05-28 04:27:15,041  INFO      httpx — HTTP Request: POST https://gfpezoxueqsrotisojip.supabase.co/rest/v1/sf_accounts_raw?on_conflict=sf_id "HTTP/2 200 OK"
2026-05-28 04:27:15,151  INFO      httpx — HTTP Request: GET https://gfpezoxueqsrotisojip.supabase.co/rest/v1/accounts?select=id&domain=eq.fiduciagad.de&limit=1 "HTTP/2 200 OK"
2026-05-28 04:27:15,258  INFO      httpx — HTTP Request: POST https://gfpezoxueqsrotisojip.supabase.co/rest/v1/sf_accounts?on_conflict=sf_id "HTTP/2 200 OK"
2026-05-28 04:27:15,373  INFO      httpx — HTTP Request: POST https://gfpezoxueqsrotisojip.supabase.co/rest/v1/sf_accounts_raw?on_conflict=sf_id "HTTP/2 200 OK"
2026-05-28 04:27:15,470  INFO      httpx — HTTP Request: GET https://gfpezoxueqsrotisojip.supabase.co/rest/v1/accounts?select=id&domain=eq.nobelbiocare.com&limit=1 "HTTP/2 200 OK"
2026-05-28 04:27:15,584  INFO      httpx — HTTP Request: POST https://gfpezoxueqsrotisojip.supabase.co/rest/v1/sf_accounts?on_conflict=sf_id "HTTP/2 200 OK"
2026-05-28 04:27:15,692  INFO      httpx — HTTP Request: POST https://gfpezoxueqsrotisojip.supabase.co/rest/v1/sf_accounts_raw?on_conflict=sf_id "HTTP/2 200 OK"
2026-05-28 04:27:15,801  INFO      httpx — HTTP Request: GET https://gfpezoxueqsrotisojip.supabase.co/rest/v1/accounts?select=id&domain=eq.bgh.de&limit=1 "HTTP/2 200 OK"
2026-05-28 04:27:15,908  INFO      httpx — HTTP Request: POST https://gfpezoxueqsrotisojip.supabase.co/rest/v1/sf_accounts?on_conflict=sf_id "HTTP/2 200 OK"
2026-05-28 04:27:16,023  INFO      httpx — HTTP Request: POST https://gfpezoxueqsrotisojip.supabase.co/rest/v1/sf_accounts_raw?on_conflict=sf_id "HTTP/2 200 OK"
2026-05-28 04:27:16,121  INFO      httpx — HTTP Request: GET https://gfpezoxueqsrotisojip.supabase.co/rest/v1/accounts?select=id&domain=eq.leicabiosystems.com&limit=1 "HTTP/2 200 OK"
2026-05-28 04:27:16,235  INFO      httpx — HTTP Request: POST https://gfpezoxueqsrotisojip.supabase.co/rest/v1/sf_accounts?on_conflict=sf_id "HTTP/2 200 OK"
2026-05-28 04:27:16,338  INFO      httpx — HTTP Request: POST https://gfpezoxueqsrotisojip.supabase.co/rest/v1/sf_accounts_raw?on_conflict=sf_id "HTTP/2 200 OK"
2026-05-28 04:27:16,446  INFO      httpx — HTTP Request: GET https://gfpezoxueqsrotisojip.supabase.co/rest/v1/accounts?select=id&domain=eq.lohmann-rauscher.com&limit=1 "HTTP/2 200 OK"
2026-05-28 04:27:16,550  INFO      httpx — HTTP Request: POST https://gfpezoxueqsrotisojip.supabase.co/rest/v1/sf_accounts?on_conflict=sf_id "HTTP/2 200 OK"
2026-05-28 04:27:16,667  INFO      httpx — HTTP Request: POST https://gfpezoxueqsrotisojip.supabase.co/rest/v1/sf_accounts_raw?on_conflict=sf_id "HTTP/2 200 OK"
2026-05-28 04:27:16,767  INFO      httpx — HTTP Request: GET https://gfpezoxueqsrotisojip.supabase.co/rest/v1/accounts?select=id&domain=eq.gft.com&limit=1 "HTTP/2 200 OK"
2026-05-28 04:27:16,883  INFO      httpx — HTTP Request: POST https://gfpezoxueqsrotisojip.supabase.co/rest/v1/sf_accounts?on_conflict=sf_id "HTTP/2 200 OK"
2026-05-28 04:27:16,999  INFO      httpx — HTTP Request: POST https://gfpezoxueqsrotisojip.supabase.co/rest/v1/sf_accounts_raw?on_conflict=sf_id "HTTP/2 200 OK"
2026-05-28 04:27:17,108  INFO      httpx — HTTP Request: GET https://gfpezoxueqsrotisojip.supabase.co/rest/v1/accounts?select=id&domain=eq.nemetschek.com&limit=1 "HTTP/2 200 OK"
2026-05-28 04:27:17,213  INFO      httpx — HTTP Request: POST https://gfpezoxueqsrotisojip.supabase.co/rest/v1/sf_accounts?on_conflict=sf_id "HTTP/2 200 OK"
2026-05-28 04:27:17,334  INFO      httpx — HTTP Request: POST https://gfpezoxueqsrotisojip.supabase.co/rest/v1/sf_accounts_raw?on_conflict=sf_id "HTTP/2 200 OK"
2026-05-28 04:27:17,433  INFO      httpx — HTTP Request: GET https://gfpezoxueqsrotisojip.supabase.co/rest/v1/accounts?select=id&domain=eq.triumph-adler.de&limit=1 "HTTP/2 200 OK"
2026-05-28 04:27:17,549  INFO      httpx — HTTP Request: POST https://gfpezoxueqsrotisojip.supabase.co/rest/v1/sf_accounts?on_conflict=sf_id "HTTP/2 200 OK"
2026-05-28 04:27:17,656  INFO      httpx — HTTP Request: POST https://gfpezoxueqsrotisojip.supabase.co/rest/v1/sf_accounts_raw?on_conflict=sf_id "HTTP/2 200 OK"
2026-05-28 04:27:17,765  INFO      httpx — HTTP Request: GET https://gfpezoxueqsrotisojip.supabase.co/rest/v1/accounts?select=id&domain=eq.psi.de&limit=1 "HTTP/2 200 OK"
2026-05-28 04:27:17,870  INFO      httpx — HTTP Request: POST https://gfpezoxueqsrotisojip.supabase.co/rest/v1/sf_accounts?on_conflict=sf_id "HTTP/2 200 OK"
2026-05-28 04:27:17,988  INFO      httpx — HTTP Request: POST https://gfpezoxueqsrotisojip.supabase.co/rest/v1/sf_accounts_raw?on_conflict=sf_id "HTTP/2 200 OK"
2026-05-28 04:27:18,089  INFO      httpx — HTTP Request: GET https://gfpezoxueqsrotisojip.supabase.co/rest/v1/accounts?select=id&domain=eq.seruminstitute.com&limit=1 "HTTP/2 200 OK"
2026-05-28 04:27:18,203  INFO      httpx — HTTP Request: POST https://gfpezoxueqsrotisojip.supabase.co/rest/v1/sf_accounts?on_conflict=sf_id "HTTP/2 200 OK"
2026-05-28 04:27:18,315  INFO      httpx — HTTP Request: POST https://gfpezoxueqsrotisojip.supabase.co/rest/v1/sf_accounts_raw?on_conflict=sf_id "HTTP/2 200 OK"
2026-05-28 04:27:18,428  INFO      httpx — HTTP Request: GET https://gfpezoxueqsrotisojip.supabase.co/rest/v1/accounts?select=id&domain=eq.leica-microsystems.com&limit=1 "HTTP/2 200 OK"
2026-05-28 04:27:18,534  INFO      httpx — HTTP Request: POST https://gfpezoxueqsrotisojip.supabase.co/rest/v1/sf_accounts?on_conflict=sf_id "HTTP/2 200 OK"
2026-05-28 04:27:18,650  INFO      httpx — HTTP Request: POST https://gfpezoxueqsrotisojip.supabase.co/rest/v1/sf_accounts_raw?on_conflict=sf_id "HTTP/2 200 OK"
2026-05-28 04:27:18,748  INFO      httpx — HTTP Request: GET https://gfpezoxueqsrotisojip.supabase.co/rest/v1/accounts?select=id&domain=eq.beyondsoft.com&limit=1 "HTTP/2 200 OK"
2026-05-28 04:27:18,860  INFO      httpx — HTTP Request: POST https://gfpezoxueqsrotisojip.supabase.co/rest/v1/sf_accounts?on_conflict=sf_id "HTTP/2 200 OK"
2026-05-28 04:27:18,966  INFO      httpx — HTTP Request: POST https://gfpezoxueqsrotisojip.supabase.co/rest/v1/sf_accounts_raw?on_conflict=sf_id "HTTP/2 200 OK"
2026-05-28 04:27:19,074  INFO      httpx — HTTP Request: GET https://gfpezoxueqsrotisojip.supabase.co/rest/v1/accounts?select=id&domain=eq.aareon.com&limit=1 "HTTP/2 200 OK"
2026-05-28 04:27:19,182  INFO      httpx — HTTP Request: POST https://gfpezoxueqsrotisojip.supabase.co/rest/v1/sf_accounts?on_conflict=sf_id "HTTP/2 200 OK"
2026-05-28 04:27:19,300  INFO      httpx — HTTP Request: POST https://gfpezoxueqsrotisojip.supabase.co/rest/v1/sf_accounts_raw?on_conflict=sf_id "HTTP/2 200 OK"
2026-05-28 04:27:19,400  INFO      httpx — HTTP Request: GET https://gfpezoxueqsrotisojip.supabase.co/rest/v1/accounts?select=id&domain=eq.corporate.aboutyou.de&limit=1 "HTTP/2 200 OK"
2026-05-28 04:27:19,514  INFO      httpx — HTTP Request: POST https://gfpezoxueqsrotisojip.supabase.co/rest/v1/sf_accounts?on_conflict=sf_id "HTTP/2 200 OK"
2026-05-28 04:27:19,622  INFO      httpx — HTTP Request: POST https://gfpezoxueqsrotisojip.supabase.co/rest/v1/sf_accounts_raw?on_conflict=sf_id "HTTP/2 200 OK"
2026-05-28 04:27:19,731  INFO      httpx — HTTP Request: GET https://gfpezoxueqsrotisojip.supabase.co/rest/v1/accounts?select=id&domain=eq.united-internet.de&limit=1 "HTTP/2 200 OK"
2026-05-28 04:27:19,837  INFO      httpx — HTTP Request: POST https://gfpezoxueqsrotisojip.supabase.co/rest/v1/sf_accounts?on_conflict=sf_id "HTTP/2 200 OK"
2026-05-28 04:27:19,952  INFO      httpx — HTTP Request: POST https://gfpezoxueqsrotisojip.supabase.co/rest/v1/sf_accounts_raw?on_conflict=sf_id "HTTP/2 200 OK"
2026-05-28 04:27:20,049  INFO      httpx — HTTP Request: GET https://gfpezoxueqsrotisojip.supabase.co/rest/v1/accounts?select=id&domain=eq.credit-suisse.com&limit=1 "HTTP/2 200 OK"
2026-05-28 04:27:20,171  INFO      httpx — HTTP Request: POST https://gfpezoxueqsrotisojip.supabase.co/rest/v1/sf_accounts?on_conflict=sf_id "HTTP/2 200 OK"
2026-05-28 04:27:20,277  INFO      httpx — HTTP Request: POST https://gfpezoxueqsrotisojip.supabase.co/rest/v1/sf_accounts_raw?on_conflict=sf_id "HTTP/2 200 OK"
2026-05-28 04:27:20,386  INFO      httpx — HTTP Request: GET https://gfpezoxueqsrotisojip.supabase.co/rest/v1/accounts?select=id&domain=eq.sap.com&limit=1 "HTTP/2 200 OK"
2026-05-28 04:27:20,495  INFO      httpx — HTTP Request: POST https://gfpezoxueqsrotisojip.supabase.co/rest/v1/sf_accounts?on_conflict=sf_id "HTTP/2 200 OK"
2026-05-28 04:27:20,612  INFO      httpx — HTTP Request: POST https://gfpezoxueqsrotisojip.supabase.co/rest/v1/sf_accounts_raw?on_conflict=sf_id "HTTP/2 200 OK"
2026-05-28 04:27:20,713  INFO      httpx — HTTP Request: GET https://gfpezoxueqsrotisojip.supabase.co/rest/v1/accounts?select=id&domain=eq.bsh-group.com&limit=1 "HTTP/2 200 OK"
2026-05-28 04:27:20,828  INFO      httpx — HTTP Request: POST https://gfpezoxueqsrotisojip.supabase.co/rest/v1/sf_accounts?on_conflict=sf_id "HTTP/2 200 OK"
2026-05-28 04:27:20,934  INFO      httpx — HTTP Request: POST https://gfpezoxueqsrotisojip.supabase.co/rest/v1/sf_accounts_raw?on_conflict=sf_id "HTTP/2 200 OK"
2026-05-28 04:27:21,042  INFO      httpx — HTTP Request: GET https://gfpezoxueqsrotisojip.supabase.co/rest/v1/accounts?select=id&domain=eq.vivartia.com&limit=1 "HTTP/2 200 OK"
2026-05-28 04:27:21,148  INFO      httpx — HTTP Request: POST https://gfpezoxueqsrotisojip.supabase.co/rest/v1/sf_accounts?on_conflict=sf_id "HTTP/2 200 OK"
2026-05-28 04:27:21,263  INFO      httpx — HTTP Request: POST https://gfpezoxueqsrotisojip.supabase.co/rest/v1/sf_accounts_raw?on_conflict=sf_id "HTTP/2 200 OK"
2026-05-28 04:27:21,361  INFO      httpx — HTTP Request: GET https://gfpezoxueqsrotisojip.supabase.co/rest/v1/accounts?select=id&domain=eq.ipcalabs.com&limit=1 "HTTP/2 200 OK"
2026-05-28 04:27:21,475  INFO      httpx — HTTP Request: POST https://gfpezoxueqsrotisojip.supabase.co/rest/v1/sf_accounts?on_conflict=sf_id "HTTP/2 200 OK"
2026-05-28 04:27:21,579  INFO      httpx — HTTP Request: POST https://gfpezoxueqsrotisojip.supabase.co/rest/v1/sf_accounts_raw?on_conflict=sf_id "HTTP/2 200 OK"
2026-05-28 04:27:21,686  INFO      httpx — HTTP Request: GET https://gfpezoxueqsrotisojip.supabase.co/rest/v1/accounts?select=id&domain=eq.tecan.com&limit=1 "HTTP/2 200 OK"
2026-05-28 04:27:21,791  INFO      httpx — HTTP Request: POST https://gfpezoxueqsrotisojip.supabase.co/rest/v1/sf_accounts?on_conflict=sf_id "HTTP/2 200 OK"
2026-05-28 04:27:21,908  INFO      httpx — HTTP Request: POST https://gfpezoxueqsrotisojip.supabase.co/rest/v1/sf_accounts_raw?on_conflict=sf_id "HTTP/2 200 OK"
2026-05-28 04:27:22,008  INFO      httpx — HTTP Request: GET https://gfpezoxueqsrotisojip.supabase.co/rest/v1/accounts?select=id&domain=eq.polyu.edu.hk&limit=1 "HTTP/2 200 OK"
2026-05-28 04:27:22,124  INFO      httpx — HTTP Request: POST https://gfpezoxueqsrotisojip.supabase.co/rest/v1/sf_accounts?on_conflict=sf_id "HTTP/2 200 OK"
2026-05-28 04:27:22,232  INFO      httpx — HTTP Request: POST https://gfpezoxueqsrotisojip.supabase.co/rest/v1/sf_accounts_raw?on_conflict=sf_id "HTTP/2 200 OK"
2026-05-28 04:27:22,341  INFO      httpx — HTTP Request: GET https://gfpezoxueqsrotisojip.supabase.co/rest/v1/accounts?select=id&domain=eq.cloudwise.com&limit=1 "HTTP/2 200 OK"
2026-05-28 04:27:22,446  INFO      httpx — HTTP Request: POST https://gfpezoxueqsrotisojip.supabase.co/rest/v1/sf_accounts?on_conflict=sf_id "HTTP/2 200 OK"
2026-05-28 04:27:22,558  INFO      httpx — HTTP Request: POST https://gfpezoxueqsrotisojip.supabase.co/rest/v1/sf_accounts_raw?on_conflict=sf_id "HTTP/2 200 OK"
2026-05-28 04:27:22,657  INFO      httpx — HTTP Request: GET https://gfpezoxueqsrotisojip.supabase.co/rest/v1/accounts?select=id&domain=eq.advania.com&limit=1 "HTTP/2 200 OK"
2026-05-28 04:27:22,771  INFO      httpx — HTTP Request: POST https://gfpezoxueqsrotisojip.supabase.co/rest/v1/sf_accounts?on_conflict=sf_id "HTTP/2 200 OK"
2026-05-28 04:27:22,888  INFO      httpx — HTTP Request: POST https://gfpezoxueqsrotisojip.supabase.co/rest/v1/sf_accounts_raw?on_conflict=sf_id "HTTP/2 200 OK"
2026-05-28 04:27:22,997  INFO      httpx — HTTP Request: GET https://gfpezoxueqsrotisojip.supabase.co/rest/v1/accounts?select=id&domain=eq.sita.aero&limit=1 "HTTP/2 200 OK"
2026-05-28 04:27:23,102  INFO      httpx — HTTP Request: POST https://gfpezoxueqsrotisojip.supabase.co/rest/v1/sf_accounts?on_conflict=sf_id "HTTP/2 200 OK"
2026-05-28 04:27:23,218  INFO      httpx — HTTP Request: POST https://gfpezoxueqsrotisojip.supabase.co/rest/v1/sf_accounts_raw?on_conflict=sf_id "HTTP/2 200 OK"
2026-05-28 04:27:23,322  INFO      httpx — HTTP Request: GET https://gfpezoxueqsrotisojip.supabase.co/rest/v1/accounts?select=id&domain=eq.heinzabc.co.id&limit=1 "HTTP/2 200 OK"
2026-05-28 04:27:23,436  INFO      httpx — HTTP Request: POST https://gfpezoxueqsrotisojip.supabase.co/rest/v1/sf_accounts?on_conflict=sf_id "HTTP/2 200 OK"
2026-05-28 04:27:23,544  INFO      httpx — HTTP Request: POST https://gfpezoxueqsrotisojip.supabase.co/rest/v1/sf_accounts_raw?on_conflict=sf_id "HTTP/2 200 OK"
2026-05-28 04:27:23,651  INFO      httpx — HTTP Request: GET https://gfpezoxueqsrotisojip.supabase.co/rest/v1/accounts?select=id&domain=eq.sys-yaas.com&limit=1 "HTTP/2 200 OK"
2026-05-28 04:27:23,756  INFO      httpx — HTTP Request: POST https://gfpezoxueqsrotisojip.supabase.co/rest/v1/sf_accounts?on_conflict=sf_id "HTTP/2 200 OK"
2026-05-28 04:27:23,869  INFO      httpx — HTTP Request: POST https://gfpezoxueqsrotisojip.supabase.co/rest/v1/sf_accounts_raw?on_conflict=sf_id "HTTP/2 200 OK"
2026-05-28 04:27:23,969  INFO      httpx — HTTP Request: GET https://gfpezoxueqsrotisojip.supabase.co/rest/v1/accounts?select=id&domain=eq.coolermaster.com&limit=1 "HTTP/2 200 OK"
2026-05-28 04:27:24,083  INFO      httpx — HTTP Request: POST https://gfpezoxueqsrotisojip.supabase.co/rest/v1/sf_accounts?on_conflict=sf_id "HTTP/2 200 OK"
2026-05-28 04:27:24,188  INFO      httpx — HTTP Request: POST https://gfpezoxueqsrotisojip.supabase.co/rest/v1/sf_accounts_raw?on_conflict=sf_id "HTTP/2 200 OK"
2026-05-28 04:27:24,298  INFO      httpx — HTTP Request: GET https://gfpezoxueqsrotisojip.supabase.co/rest/v1/accounts?select=id&domain=eq.manitex.ie&limit=1 "HTTP/2 200 OK"
2026-05-28 04:27:24,404  INFO      httpx — HTTP Request: POST https://gfpezoxueqsrotisojip.supabase.co/rest/v1/sf_accounts?on_conflict=sf_id "HTTP/2 200 OK"
2026-05-28 04:27:24,520  INFO      httpx — HTTP Request: POST https://gfpezoxueqsrotisojip.supabase.co/rest/v1/sf_accounts_raw?on_conflict=sf_id "HTTP/2 200 OK"
2026-05-28 04:27:24,619  INFO      httpx — HTTP Request: GET https://gfpezoxueqsrotisojip.supabase.co/rest/v1/accounts?select=id&domain=eq.infosysbpm.com&limit=1 "HTTP/2 200 OK"
2026-05-28 04:27:24,738  INFO      httpx — HTTP Request: POST https://gfpezoxueqsrotisojip.supabase.co/rest/v1/sf_accounts?on_conflict=sf_id "HTTP/2 200 OK"
2026-05-28 04:27:24,843  INFO      httpx — HTTP Request: POST https://gfpezoxueqsrotisojip.supabase.co/rest/v1/sf_accounts_raw?on_conflict=sf_id "HTTP/2 200 OK"
2026-05-28 04:27:24,951  INFO      httpx — HTTP Request: GET https://gfpezoxueqsrotisojip.supabase.co/rest/v1/accounts?select=id&domain=eq.persistent.com&limit=1 "HTTP/2 200 OK"
2026-05-28 04:27:25,060  INFO      httpx — HTTP Request: POST https://gfpezoxueqsrotisojip.supabase.co/rest/v1/sf_accounts?on_conflict=sf_id "HTTP/2 200 OK"
2026-05-28 04:27:25,176  INFO      httpx — HTTP Request: POST https://gfpezoxueqsrotisojip.supabase.co/rest/v1/sf_accounts_raw?on_conflict=sf_id "HTTP/2 200 OK"
2026-05-28 04:27:25,275  INFO      httpx — HTTP Request: GET https://gfpezoxueqsrotisojip.supabase.co/rest/v1/accounts?select=id&domain=eq.cimpress.com&limit=1 "HTTP/2 200 OK"
2026-05-28 04:27:25,391  INFO      httpx — HTTP Request: POST https://gfpezoxueqsrotisojip.supabase.co/rest/v1/sf_accounts?on_conflict=sf_id "HTTP/2 200 OK"
2026-05-28 04:27:25,499  INFO      httpx — HTTP Request: POST https://gfpezoxueqsrotisojip.supabase.co/rest/v1/sf_accounts_raw?on_conflict=sf_id "HTTP/2 200 OK"
2026-05-28 04:27:25,609  INFO      httpx — HTTP Request: GET https://gfpezoxueqsrotisojip.supabase.co/rest/v1/accounts?select=id&domain=eq.browserstack.com&limit=1 "HTTP/2 200 OK"
2026-05-28 04:27:25,717  INFO      httpx — HTTP Request: POST https://gfpezoxueqsrotisojip.supabase.co/rest/v1/sf_accounts?on_conflict=sf_id "HTTP/2 200 OK"
2026-05-28 04:27:25,837  INFO      httpx — HTTP Request: POST https://gfpezoxueqsrotisojip.supabase.co/rest/v1/sf_accounts_raw?on_conflict=sf_id "HTTP/2 200 OK"
2026-05-28 04:27:25,937  INFO      httpx — HTTP Request: GET https://gfpezoxueqsrotisojip.supabase.co/rest/v1/accounts?select=id&domain=eq.global-e.com&limit=1 "HTTP/2 200 OK"
2026-05-28 04:27:26,051  INFO      httpx — HTTP Request: POST https://gfpezoxueqsrotisojip.supabase.co/rest/v1/sf_accounts?on_conflict=sf_id "HTTP/2 200 OK"
2026-05-28 04:27:26,156  INFO      httpx — HTTP Request: POST https://gfpezoxueqsrotisojip.supabase.co/rest/v1/sf_accounts_raw?on_conflict=sf_id "HTTP/2 200 OK"
2026-05-28 04:27:26,266  INFO      httpx — HTTP Request: GET https://gfpezoxueqsrotisojip.supabase.co/rest/v1/accounts?select=id&domain=eq.malamteam.com&limit=1 "HTTP/2 200 OK"
2026-05-28 04:27:26,371  INFO      httpx — HTTP Request: POST https://gfpezoxueqsrotisojip.supabase.co/rest/v1/sf_accounts?on_conflict=sf_id "HTTP/2 200 OK"
2026-05-28 04:27:26,486  INFO      httpx — HTTP Request: POST https://gfpezoxueqsrotisojip.supabase.co/rest/v1/sf_accounts_raw?on_conflict=sf_id "HTTP/2 200 OK"
2026-05-28 04:27:26,595  INFO      httpx — HTTP Request: GET https://gfpezoxueqsrotisojip.supabase.co/rest/v1/accounts?select=id&domain=eq.max.co.il&limit=1 "HTTP/2 200 OK"
2026-05-28 04:27:26,710  INFO      httpx — HTTP Request: POST https://gfpezoxueqsrotisojip.supabase.co/rest/v1/sf_accounts?on_conflict=sf_id "HTTP/2 200 OK"
2026-05-28 04:27:26,817  INFO      httpx — HTTP Request: POST https://gfpezoxueqsrotisojip.supabase.co/rest/v1/sf_accounts_raw?on_conflict=sf_id "HTTP/2 200 OK"
2026-05-28 04:27:26,928  INFO      httpx — HTTP Request: GET https://gfpezoxueqsrotisojip.supabase.co/rest/v1/accounts?select=id&domain=eq.sapiens.com&limit=1 "HTTP/2 200 OK"
2026-05-28 04:27:27,035  INFO      httpx — HTTP Request: POST https://gfpezoxueqsrotisojip.supabase.co/rest/v1/sf_accounts?on_conflict=sf_id "HTTP/2 200 OK"
2026-05-28 04:27:27,152  INFO      httpx — HTTP Request: POST https://gfpezoxueqsrotisojip.supabase.co/rest/v1/sf_accounts_raw?on_conflict=sf_id "HTTP/2 200 OK"
2026-05-28 04:27:27,251  INFO      httpx — HTTP Request: GET https://gfpezoxueqsrotisojip.supabase.co/rest/v1/accounts?select=id&domain=eq.amaris.com&limit=1 "HTTP/2 200 OK"
2026-05-28 04:27:27,365  INFO      httpx — HTTP Request: POST https://gfpezoxueqsrotisojip.supabase.co/rest/v1/sf_accounts?on_conflict=sf_id "HTTP/2 200 OK"
2026-05-28 04:27:27,470  INFO      httpx — HTTP Request: POST https://gfpezoxueqsrotisojip.supabase.co/rest/v1/sf_accounts_raw?on_conflict=sf_id "HTTP/2 200 OK"
2026-05-28 04:27:27,579  INFO      httpx — HTTP Request: GET https://gfpezoxueqsrotisojip.supabase.co/rest/v1/accounts?select=id&domain=eq.magicsoftware.com&limit=1 "HTTP/2 200 OK"
2026-05-28 04:27:27,684  INFO      httpx — HTTP Request: POST https://gfpezoxueqsrotisojip.supabase.co/rest/v1/sf_accounts?on_conflict=sf_id "HTTP/2 200 OK"
2026-05-28 04:27:27,800  INFO      httpx — HTTP Request: POST https://gfpezoxueqsrotisojip.supabase.co/rest/v1/sf_accounts_raw?on_conflict=sf_id "HTTP/2 200 OK"
2026-05-28 04:27:27,899  INFO      httpx — HTTP Request: GET https://gfpezoxueqsrotisojip.supabase.co/rest/v1/accounts?select=id&domain=eq.deltatre.com&limit=1 "HTTP/2 200 OK"
2026-05-28 04:27:28,017  INFO      httpx — HTTP Request: POST https://gfpezoxueqsrotisojip.supabase.co/rest/v1/sf_accounts?on_conflict=sf_id "HTTP/2 200 OK"
2026-05-28 04:27:28,121  INFO      httpx — HTTP Request: POST https://gfpezoxueqsrotisojip.supabase.co/rest/v1/sf_accounts_raw?on_conflict=sf_id "HTTP/2 200 OK"
2026-05-28 04:27:28,230  INFO      httpx — HTTP Request: GET https://gfpezoxueqsrotisojip.supabase.co/rest/v1/accounts?select=id&domain=eq.grandisalumificiitaliani.it&limit=1 "HTTP/2 200 OK"
2026-05-28 04:27:28,338  INFO      httpx — HTTP Request: POST https://gfpezoxueqsrotisojip.supabase.co/rest/v1/sf_accounts?on_conflict=sf_id "HTTP/2 200 OK"
2026-05-28 04:27:28,456  INFO      httpx — HTTP Request: POST https://gfpezoxueqsrotisojip.supabase.co/rest/v1/sf_accounts_raw?on_conflict=sf_id "HTTP/2 200 OK"
2026-05-28 04:27:28,553  INFO      httpx — HTTP Request: GET https://gfpezoxueqsrotisojip.supabase.co/rest/v1/accounts?select=id&domain=eq.sogei.it&limit=1 "HTTP/2 200 OK"
2026-05-28 04:27:28,666  INFO      httpx — HTTP Request: POST https://gfpezoxueqsrotisojip.supabase.co/rest/v1/sf_accounts?on_conflict=sf_id "HTTP/2 200 OK"
2026-05-28 04:27:28,779  INFO      httpx — HTTP Request: POST https://gfpezoxueqsrotisojip.supabase.co/rest/v1/sf_accounts_raw?on_conflict=sf_id "HTTP/2 200 OK"
2026-05-28 04:27:28,885  INFO      httpx — HTTP Request: GET https://gfpezoxueqsrotisojip.supabase.co/rest/v1/accounts?select=id&domain=eq.qutoutiao.net&limit=1 "HTTP/2 200 OK"
2026-05-28 04:27:28,990  INFO      httpx — HTTP Request: POST https://gfpezoxueqsrotisojip.supabase.co/rest/v1/sf_accounts?on_conflict=sf_id "HTTP/2 200 OK"
2026-05-28 04:27:29,106  INFO      httpx — HTTP Request: POST https://gfpezoxueqsrotisojip.supabase.co/rest/v1/sf_accounts_raw?on_conflict=sf_id "HTTP/2 200 OK"
2026-05-28 04:27:29,205  INFO      httpx — HTTP Request: GET https://gfpezoxueqsrotisojip.supabase.co/rest/v1/accounts?select=id&domain=eq.altran.it&limit=1 "HTTP/2 200 OK"
2026-05-28 04:27:29,319  INFO      httpx — HTTP Request: POST https://gfpezoxueqsrotisojip.supabase.co/rest/v1/sf_accounts?on_conflict=sf_id "HTTP/2 200 OK"
2026-05-28 04:27:29,427  INFO      httpx — HTTP Request: POST https://gfpezoxueqsrotisojip.supabase.co/rest/v1/sf_accounts_raw?on_conflict=sf_id "HTTP/2 200 OK"
2026-05-28 04:27:29,534  INFO      httpx — HTTP Request: GET https://gfpezoxueqsrotisojip.supabase.co/rest/v1/accounts?select=id&domain=eq.crif.com&limit=1 "HTTP/2 200 OK"
2026-05-28 04:27:29,641  INFO      httpx — HTTP Request: POST https://gfpezoxueqsrotisojip.supabase.co/rest/v1/sf_accounts?on_conflict=sf_id "HTTP/2 200 OK"
2026-05-28 04:27:29,758  INFO      httpx — HTTP Request: POST https://gfpezoxueqsrotisojip.supabase.co/rest/v1/sf_accounts_raw?on_conflict=sf_id "HTTP/2 200 OK"
2026-05-28 04:27:29,857  INFO      httpx — HTTP Request: GET https://gfpezoxueqsrotisojip.supabase.co/rest/v1/accounts?select=id&domain=eq.illy.com&limit=1 "HTTP/2 200 OK"
2026-05-28 04:27:29,974  INFO      httpx — HTTP Request: POST https://gfpezoxueqsrotisojip.supabase.co/rest/v1/sf_accounts?on_conflict=sf_id "HTTP/2 200 OK"
2026-05-28 04:27:30,082  INFO      httpx — HTTP Request: POST https://gfpezoxueqsrotisojip.supabase.co/rest/v1/sf_accounts_raw?on_conflict=sf_id "HTTP/2 200 OK"
2026-05-28 04:27:30,191  INFO      httpx — HTTP Request: GET https://gfpezoxueqsrotisojip.supabase.co/rest/v1/accounts?select=id&domain=eq.kyoto-u.ac.jp&limit=1 "HTTP/2 200 OK"
2026-05-28 04:27:30,299  INFO      httpx — HTTP Request: POST https://gfpezoxueqsrotisojip.supabase.co/rest/v1/sf_accounts?on_conflict=sf_id "HTTP/2 200 OK"
2026-05-28 04:27:30,419  INFO      httpx — HTTP Request: POST https://gfpezoxueqsrotisojip.supabase.co/rest/v1/sf_accounts_raw?on_conflict=sf_id "HTTP/2 200 OK"
2026-05-28 04:27:30,517  INFO      httpx — HTTP Request: GET https://gfpezoxueqsrotisojip.supabase.co/rest/v1/accounts?select=id&domain=eq.osaka-u.ac.jp&limit=1 "HTTP/2 200 OK"
2026-05-28 04:27:30,630  INFO      httpx — HTTP Request: POST https://gfpezoxueqsrotisojip.supabase.co/rest/v1/sf_accounts?on_conflict=sf_id "HTTP/2 200 OK"
2026-05-28 04:27:30,738  INFO      httpx — HTTP Request: POST https://gfpezoxueqsrotisojip.supabase.co/rest/v1/sf_accounts_raw?on_conflict=sf_id "HTTP/2 200 OK"
2026-05-28 04:27:30,851  INFO      httpx — HTTP Request: GET https://gfpezoxueqsrotisojip.supabase.co/rest/v1/accounts?select=id&domain=eq.leica-geosystems.com&limit=1 "HTTP/2 200 OK"
2026-05-28 04:27:30,959  INFO      httpx — HTTP Request: POST https://gfpezoxueqsrotisojip.supabase.co/rest/v1/sf_accounts?on_conflict=sf_id "HTTP/2 200 OK"
2026-05-28 04:27:31,073  INFO      httpx — HTTP Request: POST https://gfpezoxueqsrotisojip.supabase.co/rest/v1/sf_accounts_raw?on_conflict=sf_id "HTTP/2 200 OK"
2026-05-28 04:27:31,171  INFO      httpx — HTTP Request: GET https://gfpezoxueqsrotisojip.supabase.co/rest/v1/accounts?select=id&domain=eq.tohoku.ac.jp&limit=1 "HTTP/2 200 OK"
2026-05-28 04:27:31,285  INFO      httpx — HTTP Request: POST https://gfpezoxueqsrotisojip.supabase.co/rest/v1/sf_accounts?on_conflict=sf_id "HTTP/2 200 OK"
2026-05-28 04:27:31,391  INFO      httpx — HTTP Request: POST https://gfpezoxueqsrotisojip.supabase.co/rest/v1/sf_accounts_raw?on_conflict=sf_id "HTTP/2 200 OK"
2026-05-28 04:27:31,498  INFO      httpx — HTTP Request: GET https://gfpezoxueqsrotisojip.supabase.co/rest/v1/accounts?select=id&domain=eq.krblrice.com&limit=1 "HTTP/2 200 OK"
2026-05-28 04:27:31,602  INFO      httpx — HTTP Request: POST https://gfpezoxueqsrotisojip.supabase.co/rest/v1/sf_accounts?on_conflict=sf_id "HTTP/2 200 OK"
2026-05-28 04:27:31,717  INFO      httpx — HTTP Request: POST https://gfpezoxueqsrotisojip.supabase.co/rest/v1/sf_accounts_raw?on_conflict=sf_id "HTTP/2 200 OK"
2026-05-28 04:27:31,820  INFO      httpx — HTTP Request: GET https://gfpezoxueqsrotisojip.supabase.co/rest/v1/accounts?select=id&domain=eq.otakumode.com&limit=1 "HTTP/2 200 OK"
2026-05-28 04:27:31,935  INFO      httpx — HTTP Request: POST https://gfpezoxueqsrotisojip.supabase.co/rest/v1/sf_accounts?on_conflict=sf_id "HTTP/2 200 OK"
2026-05-28 04:27:32,041  INFO      httpx — HTTP Request: POST https://gfpezoxueqsrotisojip.supabase.co/rest/v1/sf_accounts_raw?on_conflict=sf_id "HTTP/2 200 OK"
2026-05-28 04:27:32,149  INFO      httpx — HTTP Request: GET https://gfpezoxueqsrotisojip.supabase.co/rest/v1/accounts?select=id&domain=eq.ut-ec.co.jp&limit=1 "HTTP/2 200 OK"
2026-05-28 04:27:32,256  INFO      httpx — HTTP Request: POST https://gfpezoxueqsrotisojip.supabase.co/rest/v1/sf_accounts?on_conflict=sf_id "HTTP/2 200 OK"
2026-05-28 04:27:32,369  INFO      httpx — HTTP Request: POST https://gfpezoxueqsrotisojip.supabase.co/rest/v1/sf_accounts_raw?on_conflict=sf_id "HTTP/2 200 OK"
2026-05-28 04:27:32,466  INFO      httpx — HTTP Request: GET https://gfpezoxueqsrotisojip.supabase.co/rest/v1/accounts?select=id&domain=eq.nagatanien-hd.co.jp&limit=1 "HTTP/2 200 OK"
2026-05-28 04:27:32,580  INFO      httpx — HTTP Request: POST https://gfpezoxueqsrotisojip.supabase.co/rest/v1/sf_accounts?on_conflict=sf_id "HTTP/2 200 OK"
2026-05-28 04:27:32,685  INFO      httpx — HTTP Request: POST https://gfpezoxueqsrotisojip.supabase.co/rest/v1/sf_accounts_raw?on_conflict=sf_id "HTTP/2 200 OK"
2026-05-28 04:27:32,793  INFO      httpx — HTTP Request: GET https://gfpezoxueqsrotisojip.supabase.co/rest/v1/accounts?select=id&domain=eq.diyarme.com&limit=1 "HTTP/2 200 OK"
2026-05-28 04:27:32,899  INFO      httpx — HTTP Request: POST https://gfpezoxueqsrotisojip.supabase.co/rest/v1/sf_accounts?on_conflict=sf_id "HTTP/2 200 OK"
2026-05-28 04:27:33,015  INFO      httpx — HTTP Request: POST https://gfpezoxueqsrotisojip.supabase.co/rest/v1/sf_accounts_raw?on_conflict=sf_id "HTTP/2 200 OK"
2026-05-28 04:27:33,121  INFO      httpx — HTTP Request: GET https://gfpezoxueqsrotisojip.supabase.co/rest/v1/accounts?select=id&domain=eq.midisgroup.com&limit=1 "HTTP/2 200 OK"
2026-05-28 04:27:33,239  INFO      httpx — HTTP Request: POST https://gfpezoxueqsrotisojip.supabase.co/rest/v1/sf_accounts?on_conflict=sf_id "HTTP/2 200 OK"
2026-05-28 04:27:33,344  INFO      httpx — HTTP Request: POST https://gfpezoxueqsrotisojip.supabase.co/rest/v1/sf_accounts_raw?on_conflict=sf_id "HTTP/2 200 OK"
2026-05-28 04:27:33,452  INFO      httpx — HTTP Request: GET https://gfpezoxueqsrotisojip.supabase.co/rest/v1/accounts?select=id&domain=eq.amnesty.org&limit=1 "HTTP/2 200 OK"
2026-05-28 04:27:33,558  INFO      httpx — HTTP Request: POST https://gfpezoxueqsrotisojip.supabase.co/rest/v1/sf_accounts?on_conflict=sf_id "HTTP/2 200 OK"
2026-05-28 04:27:33,672  INFO      httpx — HTTP Request: POST https://gfpezoxueqsrotisojip.supabase.co/rest/v1/sf_accounts_raw?on_conflict=sf_id "HTTP/2 200 OK"
2026-05-28 04:27:33,773  INFO      httpx — HTTP Request: GET https://gfpezoxueqsrotisojip.supabase.co/rest/v1/accounts?select=id&domain=eq.solutions30.com&limit=1 "HTTP/2 200 OK"
2026-05-28 04:27:33,886  INFO      httpx — HTTP Request: POST https://gfpezoxueqsrotisojip.supabase.co/rest/v1/sf_accounts?on_conflict=sf_id "HTTP/2 200 OK"
2026-05-28 04:27:33,992  INFO      httpx — HTTP Request: POST https://gfpezoxueqsrotisojip.supabase.co/rest/v1/sf_accounts_raw?on_conflict=sf_id "HTTP/2 200 OK"
2026-05-28 04:27:34,100  INFO      httpx — HTTP Request: GET https://gfpezoxueqsrotisojip.supabase.co/rest/v1/accounts?select=id&domain=eq.widex.com&limit=1 "HTTP/2 200 OK"
2026-05-28 04:27:34,206  INFO      httpx — HTTP Request: POST https://gfpezoxueqsrotisojip.supabase.co/rest/v1/sf_accounts?on_conflict=sf_id "HTTP/2 200 OK"
2026-05-28 04:27:34,322  INFO      httpx — HTTP Request: POST https://gfpezoxueqsrotisojip.supabase.co/rest/v1/sf_accounts_raw?on_conflict=sf_id "HTTP/2 200 OK"
2026-05-28 04:27:34,422  INFO      httpx — HTTP Request: GET https://gfpezoxueqsrotisojip.supabase.co/rest/v1/accounts?select=id&domain=eq.facebook.com&limit=1 "HTTP/2 200 OK"
2026-05-28 04:27:34,536  INFO      httpx — HTTP Request: POST https://gfpezoxueqsrotisojip.supabase.co/rest/v1/sf_accounts?on_conflict=sf_id "HTTP/2 200 OK"
2026-05-28 04:27:34,643  INFO      httpx — HTTP Request: POST https://gfpezoxueqsrotisojip.supabase.co/rest/v1/sf_accounts_raw?on_conflict=sf_id "HTTP/2 200 OK"
2026-05-28 04:27:34,751  INFO      httpx — HTTP Request: GET https://gfpezoxueqsrotisojip.supabase.co/rest/v1/accounts?select=id&domain=eq.mfm.com.my&limit=1 "HTTP/2 200 OK"
2026-05-28 04:27:34,856  INFO      httpx — HTTP Request: POST https://gfpezoxueqsrotisojip.supabase.co/rest/v1/sf_accounts?on_conflict=sf_id "HTTP/2 200 OK"
2026-05-28 04:27:34,971  INFO      httpx — HTTP Request: POST https://gfpezoxueqsrotisojip.supabase.co/rest/v1/sf_accounts_raw?on_conflict=sf_id "HTTP/2 200 OK"
2026-05-28 04:27:35,070  INFO      httpx — HTTP Request: GET https://gfpezoxueqsrotisojip.supabase.co/rest/v1/accounts?select=id&domain=eq.gcbcocoa.com&limit=1 "HTTP/2 200 OK"
2026-05-28 04:27:35,185  INFO      httpx — HTTP Request: POST https://gfpezoxueqsrotisojip.supabase.co/rest/v1/sf_accounts?on_conflict=sf_id "HTTP/2 200 OK"
2026-05-28 04:27:35,289  INFO      httpx — HTTP Request: POST https://gfpezoxueqsrotisojip.supabase.co/rest/v1/sf_accounts_raw?on_conflict=sf_id "HTTP/2 200 OK"
2026-05-28 04:27:35,398  INFO      httpx — HTTP Request: GET https://gfpezoxueqsrotisojip.supabase.co/rest/v1/accounts?select=id&domain=eq.aristo.com.sg&limit=1 "HTTP/2 200 OK"
2026-05-28 04:27:35,500  INFO      httpx — HTTP Request: POST https://gfpezoxueqsrotisojip.supabase.co/rest/v1/sf_accounts?on_conflict=sf_id "HTTP/2 200 OK"
2026-05-28 04:27:35,612  INFO      httpx — HTTP Request: POST https://gfpezoxueqsrotisojip.supabase.co/rest/v1/sf_accounts_raw?on_conflict=sf_id "HTTP/2 200 OK"
2026-05-28 04:27:35,715  INFO      httpx — HTTP Request: GET https://gfpezoxueqsrotisojip.supabase.co/rest/v1/accounts?select=id&domain=eq.hartalega.com.my&limit=1 "HTTP/2 200 OK"
2026-05-28 04:27:35,826  INFO      httpx — HTTP Request: POST https://gfpezoxueqsrotisojip.supabase.co/rest/v1/sf_accounts?on_conflict=sf_id "HTTP/2 200 OK"
2026-05-28 04:27:35,935  INFO      httpx — HTTP Request: POST https://gfpezoxueqsrotisojip.supabase.co/rest/v1/sf_accounts_raw?on_conflict=sf_id "HTTP/2 200 OK"
2026-05-28 04:27:36,042  INFO      httpx — HTTP Request: GET https://gfpezoxueqsrotisojip.supabase.co/rest/v1/accounts?select=id&domain=eq.ql.com.my&limit=1 "HTTP/2 200 OK"
2026-05-28 04:27:36,148  INFO      httpx — HTTP Request: POST https://gfpezoxueqsrotisojip.supabase.co/rest/v1/sf_accounts?on_conflict=sf_id "HTTP/2 200 OK"
2026-05-28 04:27:36,290  INFO      httpx — HTTP Request: POST https://gfpezoxueqsrotisojip.supabase.co/rest/v1/sf_accounts_raw?on_conflict=sf_id "HTTP/2 200 OK"
2026-05-28 04:27:36,473  INFO      httpx — HTTP Request: GET https://gfpezoxueqsrotisojip.supabase.co/rest/v1/accounts?select=id&domain=eq.axtelcorp.mx&limit=1 "HTTP/2 200 OK"
2026-05-28 04:27:36,611  INFO      httpx — HTTP Request: POST https://gfpezoxueqsrotisojip.supabase.co/rest/v1/sf_accounts?on_conflict=sf_id "HTTP/2 200 OK"
2026-05-28 04:27:36,728  INFO      httpx — HTTP Request: POST https://gfpezoxueqsrotisojip.supabase.co/rest/v1/sf_accounts_raw?on_conflict=sf_id "HTTP/2 200 OK"
2026-05-28 04:27:36,837  INFO      httpx — HTTP Request: GET https://gfpezoxueqsrotisojip.supabase.co/rest/v1/accounts?select=id&domain=eq.asiainfo.com&limit=1 "HTTP/2 200 OK"
2026-05-28 04:27:36,944  INFO      httpx — HTTP Request: POST https://gfpezoxueqsrotisojip.supabase.co/rest/v1/sf_accounts?on_conflict=sf_id "HTTP/2 200 OK"
2026-05-28 04:27:37,059  INFO      httpx — HTTP Request: POST https://gfpezoxueqsrotisojip.supabase.co/rest/v1/sf_accounts_raw?on_conflict=sf_id "HTTP/2 200 OK"
2026-05-28 04:27:37,157  INFO      httpx — HTTP Request: GET https://gfpezoxueqsrotisojip.supabase.co/rest/v1/accounts?select=id&domain=eq.linio.com.mx&limit=1 "HTTP/2 200 OK"
2026-05-28 04:27:37,270  INFO      httpx — HTTP Request: POST https://gfpezoxueqsrotisojip.supabase.co/rest/v1/sf_accounts?on_conflict=sf_id "HTTP/2 200 OK"
2026-05-28 04:27:37,375  INFO      httpx — HTTP Request: POST https://gfpezoxueqsrotisojip.supabase.co/rest/v1/sf_accounts_raw?on_conflict=sf_id "HTTP/2 200 OK"
2026-05-28 04:27:37,483  INFO      httpx — HTTP Request: GET https://gfpezoxueqsrotisojip.supabase.co/rest/v1/accounts?select=id&domain=eq.avaloq.com&limit=1 "HTTP/2 200 OK"
2026-05-28 04:27:37,787  INFO      httpx — HTTP Request: POST https://gfpezoxueqsrotisojip.supabase.co/rest/v1/sf_accounts?on_conflict=sf_id "HTTP/2 200 OK"
2026-05-28 04:27:37,915  INFO      httpx — HTTP Request: POST https://gfpezoxueqsrotisojip.supabase.co/rest/v1/sf_accounts_raw?on_conflict=sf_id "HTTP/2 200 OK"
2026-05-28 04:27:38,014  INFO      httpx — HTTP Request: GET https://gfpezoxueqsrotisojip.supabase.co/rest/v1/accounts?select=id&domain=eq.sunedison.com&limit=1 "HTTP/2 200 OK"
2026-05-28 04:27:38,130  INFO      httpx — HTTP Request: POST https://gfpezoxueqsrotisojip.supabase.co/rest/v1/sf_accounts?on_conflict=sf_id "HTTP/2 200 OK"
2026-05-28 04:27:38,236  INFO      httpx — HTTP Request: POST https://gfpezoxueqsrotisojip.supabase.co/rest/v1/sf_accounts_raw?on_conflict=sf_id "HTTP/2 200 OK"
2026-05-28 04:27:38,344  INFO      httpx — HTTP Request: GET https://gfpezoxueqsrotisojip.supabase.co/rest/v1/accounts?select=id&domain=eq.uva.nl&limit=1 "HTTP/2 200 OK"
2026-05-28 04:27:38,448  INFO      httpx — HTTP Request: POST https://gfpezoxueqsrotisojip.supabase.co/rest/v1/sf_accounts?on_conflict=sf_id "HTTP/2 200 OK"
2026-05-28 04:27:38,564  INFO      httpx — HTTP Request: POST https://gfpezoxueqsrotisojip.supabase.co/rest/v1/sf_accounts_raw?on_conflict=sf_id "HTTP/2 200 OK"
2026-05-28 04:27:38,663  INFO      httpx — HTTP Request: GET https://gfpezoxueqsrotisojip.supabase.co/rest/v1/accounts?select=id&domain=eq.tudelft.nl&limit=1 "HTTP/2 200 OK"
2026-05-28 04:27:38,777  INFO      httpx — HTTP Request: POST https://gfpezoxueqsrotisojip.supabase.co/rest/v1/sf_accounts?on_conflict=sf_id "HTTP/2 200 OK"
2026-05-28 04:27:38,885  INFO      httpx — HTTP Request: POST https://gfpezoxueqsrotisojip.supabase.co/rest/v1/sf_accounts_raw?on_conflict=sf_id "HTTP/2 200 OK"
2026-05-28 04:27:38,992  INFO      httpx — HTTP Request: GET https://gfpezoxueqsrotisojip.supabase.co/rest/v1/accounts?select=id&domain=eq.opcw.org&limit=1 "HTTP/2 200 OK"
2026-05-28 04:27:39,095  INFO      httpx — HTTP Request: POST https://gfpezoxueqsrotisojip.supabase.co/rest/v1/sf_accounts?on_conflict=sf_id "HTTP/2 200 OK"
2026-05-28 04:27:39,210  INFO      httpx — HTTP Request: POST https://gfpezoxueqsrotisojip.supabase.co/rest/v1/sf_accounts_raw?on_conflict=sf_id "HTTP/2 200 OK"
2026-05-28 04:27:39,308  INFO      httpx — HTTP Request: GET https://gfpezoxueqsrotisojip.supabase.co/rest/v1/accounts?select=id&domain=eq.besi.com&limit=1 "HTTP/2 200 OK"
2026-05-28 04:27:39,422  INFO      httpx — HTTP Request: POST https://gfpezoxueqsrotisojip.supabase.co/rest/v1/sf_accounts?on_conflict=sf_id "HTTP/2 200 OK"
2026-05-28 04:27:39,527  INFO      httpx — HTTP Request: POST https://gfpezoxueqsrotisojip.supabase.co/rest/v1/sf_accounts_raw?on_conflict=sf_id "HTTP/2 200 OK"
2026-05-28 04:27:39,635  INFO      httpx — HTTP Request: GET https://gfpezoxueqsrotisojip.supabase.co/rest/v1/accounts?select=id&domain=eq.avebe.com&limit=1 "HTTP/2 200 OK"
2026-05-28 04:27:39,741  INFO      httpx — HTTP Request: POST https://gfpezoxueqsrotisojip.supabase.co/rest/v1/sf_accounts?on_conflict=sf_id "HTTP/2 200 OK"
2026-05-28 04:27:39,855  INFO      httpx — HTTP Request: POST https://gfpezoxueqsrotisojip.supabase.co/rest/v1/sf_accounts_raw?on_conflict=sf_id "HTTP/2 200 OK"
2026-05-28 04:27:39,955  INFO      httpx — HTTP Request: GET https://gfpezoxueqsrotisojip.supabase.co/rest/v1/accounts?select=id&domain=eq.centric.eu&limit=1 "HTTP/2 200 OK"
2026-05-28 04:27:40,070  INFO      httpx — HTTP Request: POST https://gfpezoxueqsrotisojip.supabase.co/rest/v1/sf_accounts?on_conflict=sf_id "HTTP/2 200 OK"
2026-05-28 04:27:40,175  INFO      httpx — HTTP Request: POST https://gfpezoxueqsrotisojip.supabase.co/rest/v1/sf_accounts_raw?on_conflict=sf_id "HTTP/2 200 OK"
2026-05-28 04:27:40,284  INFO      httpx — HTTP Request: GET https://gfpezoxueqsrotisojip.supabase.co/rest/v1/accounts?select=id&domain=eq.goodix.com&limit=1 "HTTP/2 200 OK"
2026-05-28 04:27:40,389  INFO      httpx — HTTP Request: POST https://gfpezoxueqsrotisojip.supabase.co/rest/v1/sf_accounts?on_conflict=sf_id "HTTP/2 200 OK"
2026-05-28 04:27:40,504  INFO      httpx — HTTP Request: POST https://gfpezoxueqsrotisojip.supabase.co/rest/v1/sf_accounts_raw?on_conflict=sf_id "HTTP/2 200 OK"
2026-05-28 04:27:40,734  INFO      httpx — HTTP Request: GET https://gfpezoxueqsrotisojip.supabase.co/rest/v1/accounts?select=id&domain=eq.zeelandia.com&limit=1 "HTTP/2 200 OK"
2026-05-28 04:27:40,850  INFO      httpx — HTTP Request: POST https://gfpezoxueqsrotisojip.supabase.co/rest/v1/sf_accounts?on_conflict=sf_id "HTTP/2 200 OK"
2026-05-28 04:27:40,962  INFO      httpx — HTTP Request: POST https://gfpezoxueqsrotisojip.supabase.co/rest/v1/sf_accounts_raw?on_conflict=sf_id "HTTP/2 200 OK"
2026-05-28 04:27:41,070  INFO      httpx — HTTP Request: GET https://gfpezoxueqsrotisojip.supabase.co/rest/v1/accounts?select=id&domain=eq.tomtom.com&limit=1 "HTTP/2 200 OK"
2026-05-28 04:27:41,173  INFO      httpx — HTTP Request: POST https://gfpezoxueqsrotisojip.supabase.co/rest/v1/sf_accounts?on_conflict=sf_id "HTTP/2 200 OK"
2026-05-28 04:27:41,290  INFO      httpx — HTTP Request: POST https://gfpezoxueqsrotisojip.supabase.co/rest/v1/sf_accounts_raw?on_conflict=sf_id "HTTP/2 200 OK"
2026-05-28 04:27:41,387  INFO      httpx — HTTP Request: GET https://gfpezoxueqsrotisojip.supabase.co/rest/v1/accounts?select=id&domain=eq.unit4.com&limit=1 "HTTP/2 200 OK"
2026-05-28 04:27:41,500  INFO      httpx — HTTP Request: POST https://gfpezoxueqsrotisojip.supabase.co/rest/v1/sf_accounts?on_conflict=sf_id "HTTP/2 200 OK"
2026-05-28 04:27:41,607  INFO      httpx — HTTP Request: POST https://gfpezoxueqsrotisojip.supabase.co/rest/v1/sf_accounts_raw?on_conflict=sf_id "HTTP/2 200 OK"
2026-05-28 04:27:41,714  INFO      httpx — HTTP Request: GET https://gfpezoxueqsrotisojip.supabase.co/rest/v1/accounts?select=id&domain=eq.dictu.nl&limit=1 "HTTP/2 200 OK"
2026-05-28 04:27:41,819  INFO      httpx — HTTP Request: POST https://gfpezoxueqsrotisojip.supabase.co/rest/v1/sf_accounts?on_conflict=sf_id "HTTP/2 200 OK"
2026-05-28 04:27:41,933  INFO      httpx — HTTP Request: POST https://gfpezoxueqsrotisojip.supabase.co/rest/v1/sf_accounts_raw?on_conflict=sf_id "HTTP/2 200 OK"
2026-05-28 04:27:42,033  INFO      httpx — HTTP Request: GET https://gfpezoxueqsrotisojip.supabase.co/rest/v1/accounts?select=id&domain=eq.avg.com&limit=1 "HTTP/2 200 OK"
2026-05-28 04:27:42,145  INFO      httpx — HTTP Request: POST https://gfpezoxueqsrotisojip.supabase.co/rest/v1/sf_accounts?on_conflict=sf_id "HTTP/2 200 OK"
2026-05-28 04:27:42,251  INFO      httpx — HTTP Request: POST https://gfpezoxueqsrotisojip.supabase.co/rest/v1/sf_accounts_raw?on_conflict=sf_id "HTTP/2 200 OK"
2026-05-28 04:27:42,361  INFO      httpx — HTTP Request: GET https://gfpezoxueqsrotisojip.supabase.co/rest/v1/accounts?select=id&domain=eq.payu.com&limit=1 "HTTP/2 200 OK"
2026-05-28 04:27:42,465  INFO      httpx — HTTP Request: POST https://gfpezoxueqsrotisojip.supabase.co/rest/v1/sf_accounts?on_conflict=sf_id "HTTP/2 200 OK"
2026-05-28 04:27:42,581  INFO      httpx — HTTP Request: POST https://gfpezoxueqsrotisojip.supabase.co/rest/v1/sf_accounts_raw?on_conflict=sf_id "HTTP/2 200 OK"
2026-05-28 04:27:42,680  INFO      httpx — HTTP Request: GET https://gfpezoxueqsrotisojip.supabase.co/rest/v1/accounts?select=id&domain=eq.visma.com&limit=1 "HTTP/2 200 OK"
2026-05-28 04:27:42,793  INFO      httpx — HTTP Request: POST https://gfpezoxueqsrotisojip.supabase.co/rest/v1/sf_accounts?on_conflict=sf_id "HTTP/2 200 OK"
2026-05-28 04:36:31,813  ERROR     run_sync — ✗ sf sync failed: The read operation timed out
Traceback (most recent call last):
  File "/Users/nikhiljha/Downloads/gtm-mesh-prod/apps/worker/.venv/lib/python3.12/site-packages/httpx/_transports/default.py", line 101, in map_httpcore_exceptions
    yield
  File "/Users/nikhiljha/Downloads/gtm-mesh-prod/apps/worker/.venv/lib/python3.12/site-packages/httpx/_transports/default.py", line 250, in handle_request
    resp = self._pool.handle_request(req)
           ^^^^^^^^^^^^^^^^^^^^^^^^^^^^^^
  File "/Users/nikhiljha/Downloads/gtm-mesh-prod/apps/worker/.venv/lib/python3.12/site-packages/httpcore/_sync/connection_pool.py", line 256, in handle_request
    raise exc from None
  File "/Users/nikhiljha/Downloads/gtm-mesh-prod/apps/worker/.venv/lib/python3.12/site-packages/httpcore/_sync/connection_pool.py", line 236, in handle_request
    response = connection.handle_request(
               ^^^^^^^^^^^^^^^^^^^^^^^^^^
  File "/Users/nikhiljha/Downloads/gtm-mesh-prod/apps/worker/.venv/lib/python3.12/site-packages/httpcore/_sync/connection.py", line 103, in handle_request
    return self._connection.handle_request(request)
           ^^^^^^^^^^^^^^^^^^^^^^^^^^^^^^^^^^^^^^^^
  File "/Users/nikhiljha/Downloads/gtm-mesh-prod/apps/worker/.venv/lib/python3.12/site-packages/httpcore/_sync/http2.py", line 187, in handle_request
    raise exc
  File "/Users/nikhiljha/Downloads/gtm-mesh-prod/apps/worker/.venv/lib/python3.12/site-packages/httpcore/_sync/http2.py", line 150, in handle_request
    status, headers = self._receive_response(
                      ^^^^^^^^^^^^^^^^^^^^^^^
  File "/Users/nikhiljha/Downloads/gtm-mesh-prod/apps/worker/.venv/lib/python3.12/site-packages/httpcore/_sync/http2.py", line 294, in _receive_response
    event = self._receive_stream_event(request, stream_id)
            ^^^^^^^^^^^^^^^^^^^^^^^^^^^^^^^^^^^^^^^^^^^^^^
  File "/Users/nikhiljha/Downloads/gtm-mesh-prod/apps/worker/.venv/lib/python3.12/site-packages/httpcore/_sync/http2.py", line 336, in _receive_stream_event
    self._receive_events(request, stream_id)
  File "/Users/nikhiljha/Downloads/gtm-mesh-prod/apps/worker/.venv/lib/python3.12/site-packages/httpcore/_sync/http2.py", line 364, in _receive_events
    events = self._read_incoming_data(request)
             ^^^^^^^^^^^^^^^^^^^^^^^^^^^^^^^^^
  File "/Users/nikhiljha/Downloads/gtm-mesh-prod/apps/worker/.venv/lib/python3.12/site-packages/httpcore/_sync/http2.py", line 455, in _read_incoming_data
    raise exc
  File "/Users/nikhiljha/Downloads/gtm-mesh-prod/apps/worker/.venv/lib/python3.12/site-packages/httpcore/_sync/http2.py", line 441, in _read_incoming_data
    data = self._network_stream.read(self.READ_NUM_BYTES, timeout)
           ^^^^^^^^^^^^^^^^^^^^^^^^^^^^^^^^^^^^^^^^^^^^^^^^^^^^^^^
  File "/Users/nikhiljha/Downloads/gtm-mesh-prod/apps/worker/.venv/lib/python3.12/site-packages/httpcore/_backends/sync.py", line 126, in read
    with map_exceptions(exc_map):
  File "/Users/nikhiljha/.local/share/uv/python/cpython-3.12.3-macos-aarch64-none/lib/python3.12/contextlib.py", line 158, in __exit__
    self.gen.throw(value)
  File "/Users/nikhiljha/Downloads/gtm-mesh-prod/apps/worker/.venv/lib/python3.12/site-packages/httpcore/_exceptions.py", line 14, in map_exceptions
    raise to_exc(exc) from exc
httpcore.ReadTimeout: The read operation timed out

The above exception was the direct cause of the following exception:

Traceback (most recent call last):
  File "/Users/nikhiljha/Downloads/gtm-mesh-prod/apps/worker/run_sync.py", line 92, in run_selected
    fn()
  File "/Users/nikhiljha/Downloads/gtm-mesh-prod/apps/worker/run_sync.py", line 46, in run_sf
    run()
  File "/Users/nikhiljha/Downloads/gtm-mesh-prod/apps/worker/sync/salesforce_sync.py", line 369, in run
    def run() -> None:
        ^^^^^^^^^^^^^^^
  File "/Users/nikhiljha/Downloads/gtm-mesh-prod/apps/worker/sync/salesforce_sync.py", line 252, in sync_accounts
    "synced_at": _now(),
                        ^
  File "/Users/nikhiljha/Downloads/gtm-mesh-prod/apps/worker/.venv/lib/python3.12/site-packages/postgrest/_sync/request_builder.py", line 90, in execute
    r = send_with_retry(self.request)
        ^^^^^^^^^^^^^^^^^^^^^^^^^^^^^
  File "/Users/nikhiljha/Downloads/gtm-mesh-prod/apps/worker/.venv/lib/python3.12/site-packages/postgrest/_sync/request_builder.py", line 51, in send_with_retry
    resp = req.send(headers)
           ^^^^^^^^^^^^^^^^^
  File "/Users/nikhiljha/Downloads/gtm-mesh-prod/apps/worker/.venv/lib/python3.12/site-packages/postgrest/base_request_builder.py", line 90, in send
    return self.session.request(
           ^^^^^^^^^^^^^^^^^^^^^
  File "/Users/nikhiljha/Downloads/gtm-mesh-prod/apps/worker/.venv/lib/python3.12/site-packages/httpx/_client.py", line 825, in request
    return self.send(request, auth=auth, follow_redirects=follow_redirects)
           ^^^^^^^^^^^^^^^^^^^^^^^^^^^^^^^^^^^^^^^^^^^^^^^^^^^^^^^^^^^^^^^^
  File "/Users/nikhiljha/Downloads/gtm-mesh-prod/apps/worker/.venv/lib/python3.12/site-packages/httpx/_client.py", line 914, in send
    response = self._send_handling_auth(
               ^^^^^^^^^^^^^^^^^^^^^^^^^
  File "/Users/nikhiljha/Downloads/gtm-mesh-prod/apps/worker/.venv/lib/python3.12/site-packages/httpx/_client.py", line 942, in _send_handling_auth
    response = self._send_handling_redirects(
               ^^^^^^^^^^^^^^^^^^^^^^^^^^^^^^
  File "/Users/nikhiljha/Downloads/gtm-mesh-prod/apps/worker/.venv/lib/python3.12/site-packages/httpx/_client.py", line 979, in _send_handling_redirects
    response = self._send_single_request(request)
               ^^^^^^^^^^^^^^^^^^^^^^^^^^^^^^^^^^
  File "/Users/nikhiljha/Downloads/gtm-mesh-prod/apps/worker/.venv/lib/python3.12/site-packages/httpx/_client.py", line 1014, in _send_single_request
    response = transport.handle_request(request)
               ^^^^^^^^^^^^^^^^^^^^^^^^^^^^^^^^^
  File "/Users/nikhiljha/Downloads/gtm-mesh-prod/apps/worker/.venv/lib/python3.12/site-packages/httpx/_transports/default.py", line 249, in handle_request
    with map_httpcore_exceptions():
  File "/Users/nikhiljha/.local/share/uv/python/cpython-3.12.3-macos-aarch64-none/lib/python3.12/contextlib.py", line 158, in __exit__
    self.gen.throw(value)
  File "/Users/nikhiljha/Downloads/gtm-mesh-prod/apps/worker/.venv/lib/python3.12/site-packages/httpx/_transports/default.py", line 118, in map_httpcore_exceptions
    raise mapped_exc(message) from exc
httpx.ReadTimeout: The read operation timed out
2026-05-28 04:36:31,834  INFO      run_sync — ▶ starting pylon sync…
2026-05-28 04:36:31,841  INFO      pylon_sync — pylon sync starting…
2026-05-28 04:36:32,753  INFO      httpx — HTTP Request: GET https://api.usepylon.com/v1/issues?limit=100&page=1 "HTTP/1.1 404 Not Found"
2026-05-28 04:36:32,754  INFO      pylon_sync — pylon: 0 issues to process
2026-05-28 04:36:32,754  INFO      pylon_sync — pylon: upserted 0 issues
2026-05-28 04:36:32,754  INFO      pylon_sync — pylon sync done
2026-05-28 04:36:32,754  INFO      run_sync — ✓ pylon sync complete
2026-05-28 04:40:19,107  INFO      run_sync — ▶ starting sf sync…
2026-05-28 04:40:19,620  INFO      sf_sync — salesforce sync starting — discovering all fields…
2026-05-28 04:40:19,928  INFO      httpx — HTTP Request: POST https://zuddl.my.salesforce.com/services/oauth2/token "HTTP/1.1 200 OK"
2026-05-28 04:40:19,929  INFO      sf_sync — sf auth: client_credentials flow ✓
2026-05-28 04:40:19,929  INFO      sf_sync — authenticated → https://zuddl.my.salesforce.com
2026-05-28 04:40:20,319  INFO      httpx — HTTP Request: GET https://zuddl.my.salesforce.com/services/data/v59.0/sobjects/Account/describe "HTTP/1.1 200 OK"
2026-05-28 04:40:20,332  INFO      sf_sync — sf describe Account → 329 fields
2026-05-28 04:40:20,693  INFO      httpx — HTTP Request: GET https://zuddl.my.salesforce.com/services/data/v59.0/sobjects/Opportunity/describe "HTTP/1.1 200 OK"
2026-05-28 04:40:20,703  INFO      sf_sync — sf describe Opportunity → 397 fields
2026-05-28 04:40:21,073  INFO      httpx — HTTP Request: GET https://zuddl.my.salesforce.com/services/data/v59.0/sobjects/Contact/describe "HTTP/1.1 200 OK"
2026-05-28 04:40:21,084  INFO      sf_sync — sf describe Contact → 280 fields
2026-05-28 04:40:21,253  INFO      httpx — HTTP Request: GET https://zuddl.my.salesforce.com/services/data/v59.0/query?q=SELECT+Id%2C+AnnualRevenue%2C+BillingCity%2C+BillingCountry%2C+Description%2C+Industry%2C+Name%2C+NumberOfEmployees%2C+Type%2C+Website%2C+IsDeleted%2C+MasterRecordId%2C+ParentId%2C+BillingStreet%2C+BillingState%2C+BillingPostalCode%2C+BillingStateCode%2C+BillingCountryCode%2C+BillingLatitude%2C+BillingLongitude%2C+BillingGeocodeAccuracy%2C+ShippingStreet%2C+ShippingCity%2C+ShippingState%2C+ShippingPostalCode%2C+ShippingCountry%2C+ShippingStateCode%2C+ShippingCountryCode%2C+ShippingLatitude%2C+ShippingLongitude%2C+ShippingGeocodeAccuracy%2C+Phone%2C+PhotoUrl%2C+OwnerId%2C+CreatedDate%2C+CreatedById%2C+LastModifiedDate%2C+LastModifiedById%2C+SystemModstamp%2C+LastActivityDate%2C+LastViewedDate%2C+LastReferencedDate%2C+Jigsaw%2C+JigsawCompanyId%2C+AccountSource%2C+SicDesc%2C+OperatingHoursId%2C+Domain_Name__c%2C+G2_Buyer_Intent_Details__c%2C+Total_Revenue__c%2C+Number_of_open_deals__c%2C+Total_open_deal_value__c%2C+Number_of_Associated_Deals__c%2C+Target_Account__c%2C+SalesLoft1__Active_Account__c%2C+SalesLoft1__SalesLoft_Domain__c%2C+X18_digit_Account_Id__c%2C+Event_2024__c%2C+ICP_category__c%2C+If_not_an_ICP__c%2C+G2_Signals_by_Segment__c%2C+G2_Pricing_page_Viewed__c%2C+Owner_Tag_for_D_B__c%2C+Account_Tier__c%2C+Conference_Ticketing__c%2C+Tier_LDR_checked__c%2C+Gong__Gong_Count__c%2C+Event_2025_LDR__c%2C+Account_Segment__c%2C+Use_Case_2025__c%2C+Total_Contract_Value_TCV__c%2C+Product_Purchased__c%2C+Support_Plan__c%2C+Payment_Terms__c%2C+Base_Platform_Fee__c%2C+Conference_Licences__c%2C+Field_Licences__c%2C+Digital_Licences__c%2C+Unified_Licences__c%2C+Collaborator_Licences__c+FROM+Account+WHERE+IsDeleted+%3D+false "HTTP/1.1 400 Bad Request"
2026-05-28 04:40:21,253  WARNING   sf_sync — sf: removing inaccessible field 'AnnualRevenue' from query
2026-05-28 04:40:21,913  INFO      httpx — HTTP Request: GET https://zuddl.my.salesforce.com/services/data/v59.0/query?q=SELECT+Id%2C+BillingCity%2C+BillingCountry%2C+Description%2C+Industry%2C+Name%2C+NumberOfEmployees%2C+Type%2C+Website%2C+IsDeleted%2C+MasterRecordId%2C+ParentId%2C+BillingStreet%2C+BillingState%2C+BillingPostalCode%2C+BillingStateCode%2C+BillingCountryCode%2C+BillingLatitude%2C+BillingLongitude%2C+BillingGeocodeAccuracy%2C+ShippingStreet%2C+ShippingCity%2C+ShippingState%2C+ShippingPostalCode%2C+ShippingCountry%2C+ShippingStateCode%2C+ShippingCountryCode%2C+ShippingLatitude%2C+ShippingLongitude%2C+ShippingGeocodeAccuracy%2C+Phone%2C+PhotoUrl%2C+OwnerId%2C+CreatedDate%2C+CreatedById%2C+LastModifiedDate%2C+LastModifiedById%2C+SystemModstamp%2C+LastActivityDate%2C+LastViewedDate%2C+LastReferencedDate%2C+Jigsaw%2C+JigsawCompanyId%2C+AccountSource%2C+SicDesc%2C+OperatingHoursId%2C+Domain_Name__c%2C+G2_Buyer_Intent_Details__c%2C+Total_Revenue__c%2C+Number_of_open_deals__c%2C+Total_open_deal_value__c%2C+Number_of_Associated_Deals__c%2C+Target_Account__c%2C+SalesLoft1__Active_Account__c%2C+SalesLoft1__SalesLoft_Domain__c%2C+X18_digit_Account_Id__c%2C+Event_2024__c%2C+ICP_category__c%2C+If_not_an_ICP__c%2C+G2_Signals_by_Segment__c%2C+G2_Pricing_page_Viewed__c%2C+Owner_Tag_for_D_B__c%2C+Account_Tier__c%2C+Conference_Ticketing__c%2C+Tier_LDR_checked__c%2C+Gong__Gong_Count__c%2C+Event_2025_LDR__c%2C+Account_Segment__c%2C+Use_Case_2025__c%2C+Total_Contract_Value_TCV__c%2C+Product_Purchased__c%2C+Support_Plan__c%2C+Payment_Terms__c%2C+Base_Platform_Fee__c%2C+Conference_Licences__c%2C+Field_Licences__c%2C+Digital_Licences__c%2C+Unified_Licences__c%2C+Collaborator_Licences__c+FROM+Account+WHERE+IsDeleted+%3D+false "HTTP/1.1 200 OK"
2026-05-28 04:40:22,527  INFO      httpx — HTTP Request: GET https://zuddl.my.salesforce.com/services/data/v59.0/query/0r8xx5VbdWVOYc4ASH-500 "HTTP/1.1 200 OK"
2026-05-28 04:40:23,043  INFO      httpx — HTTP Request: GET https://zuddl.my.salesforce.com/services/data/v59.0/query/0r8xx5VbdWVOYc4ASH-1000 "HTTP/1.1 200 OK"
2026-05-28 04:40:23,548  INFO      httpx — HTTP Request: GET https://zuddl.my.salesforce.com/services/data/v59.0/query/0r8xx5VbdWVOYc4ASH-1500 "HTTP/1.1 200 OK"
2026-05-28 04:40:24,112  INFO      httpx — HTTP Request: GET https://zuddl.my.salesforce.com/services/data/v59.0/query/0r8xx5VbdWVOYc4ASH-2000 "HTTP/1.1 200 OK"
2026-05-28 04:40:24,600  INFO      httpx — HTTP Request: GET https://zuddl.my.salesforce.com/services/data/v59.0/query/0r8xx5VbdWVOYc4ASH-2500 "HTTP/1.1 200 OK"
2026-05-28 04:40:25,093  INFO      httpx — HTTP Request: GET https://zuddl.my.salesforce.com/services/data/v59.0/query/0r8xx5VbdWVOYc4ASH-3000 "HTTP/1.1 200 OK"
2026-05-28 04:40:25,685  INFO      httpx — HTTP Request: GET https://zuddl.my.salesforce.com/services/data/v59.0/query/0r8xx5VbdWVOYc4ASH-3500 "HTTP/1.1 200 OK"
2026-05-28 04:40:26,241  INFO      httpx — HTTP Request: GET https://zuddl.my.salesforce.com/services/data/v59.0/query/0r8xx5VbdWVOYc4ASH-4000 "HTTP/1.1 200 OK"
2026-05-28 04:40:26,825  INFO      httpx — HTTP Request: GET https://zuddl.my.salesforce.com/services/data/v59.0/query/0r8xx5VbdWVOYc4ASH-4500 "HTTP/1.1 200 OK"
2026-05-28 04:40:27,292  INFO      httpx — HTTP Request: GET https://zuddl.my.salesforce.com/services/data/v59.0/query/0r8xx5VbdWVOYc4ASH-5000 "HTTP/1.1 200 OK"
2026-05-28 04:40:27,957  INFO      httpx — HTTP Request: GET https://zuddl.my.salesforce.com/services/data/v59.0/query/0r8xx5VbdWVOYc4ASH-5500 "HTTP/1.1 200 OK"
2026-05-28 04:40:28,438  INFO      httpx — HTTP Request: GET https://zuddl.my.salesforce.com/services/data/v59.0/query/0r8xx5VbdWVOYc4ASH-6000 "HTTP/1.1 200 OK"
2026-05-28 04:40:28,985  INFO      httpx — HTTP Request: GET https://zuddl.my.salesforce.com/services/data/v59.0/query/0r8xx5VbdWVOYc4ASH-6500 "HTTP/1.1 200 OK"
2026-05-28 04:40:29,500  INFO      httpx — HTTP Request: GET https://zuddl.my.salesforce.com/services/data/v59.0/query/0r8xx5VbdWVOYc4ASH-7000 "HTTP/1.1 200 OK"
2026-05-28 04:40:30,098  INFO      httpx — HTTP Request: GET https://zuddl.my.salesforce.com/services/data/v59.0/query/0r8xx5VbdWVOYc4ASH-7500 "HTTP/1.1 200 OK"
2026-05-28 04:40:30,682  INFO      httpx — HTTP Request: GET https://zuddl.my.salesforce.com/services/data/v59.0/query/0r8xx5VbdWVOYc4ASH-8000 "HTTP/1.1 200 OK"
2026-05-28 04:40:31,223  INFO      httpx — HTTP Request: GET https://zuddl.my.salesforce.com/services/data/v59.0/query/0r8xx5VbdWVOYc4ASH-8500 "HTTP/1.1 200 OK"
2026-05-28 04:40:31,845  INFO      httpx — HTTP Request: GET https://zuddl.my.salesforce.com/services/data/v59.0/query/0r8xx5VbdWVOYc4ASH-9000 "HTTP/1.1 200 OK"
2026-05-28 04:40:32,382  INFO      httpx — HTTP Request: GET https://zuddl.my.salesforce.com/services/data/v59.0/query/0r8xx5VbdWVOYc4ASH-9500 "HTTP/1.1 200 OK"
2026-05-28 04:40:33,001  INFO      httpx — HTTP Request: GET https://zuddl.my.salesforce.com/services/data/v59.0/query/0r8xx5VbdWVOYc4ASH-10000 "HTTP/1.1 200 OK"
2026-05-28 04:40:33,473  INFO      httpx — HTTP Request: GET https://zuddl.my.salesforce.com/services/data/v59.0/query/0r8xx5VbdWVOYc4ASH-10500 "HTTP/1.1 200 OK"
2026-05-28 04:40:34,031  INFO      httpx — HTTP Request: GET https://zuddl.my.salesforce.com/services/data/v59.0/query/0r8xx5VbdWVOYc4ASH-11000 "HTTP/1.1 200 OK"
2026-05-28 04:40:34,605  INFO      httpx — HTTP Request: GET https://zuddl.my.salesforce.com/services/data/v59.0/query/0r8xx5VbdWVOYc4ASH-11500 "HTTP/1.1 200 OK"
2026-05-28 04:40:35,223  INFO      httpx — HTTP Request: GET https://zuddl.my.salesforce.com/services/data/v59.0/query/0r8xx5VbdWVOYc4ASH-12000 "HTTP/1.1 200 OK"
2026-05-28 04:40:35,744  INFO      httpx — HTTP Request: GET https://zuddl.my.salesforce.com/services/data/v59.0/query/0r8xx5VbdWVOYc4ASH-12500 "HTTP/1.1 200 OK"
2026-05-28 04:40:36,280  INFO      httpx — HTTP Request: GET https://zuddl.my.salesforce.com/services/data/v59.0/query/0r8xx5VbdWVOYc4ASH-13000 "HTTP/1.1 200 OK"
2026-05-28 04:40:36,848  INFO      httpx — HTTP Request: GET https://zuddl.my.salesforce.com/services/data/v59.0/query/0r8xx5VbdWVOYc4ASH-13500 "HTTP/1.1 200 OK"
2026-05-28 04:40:37,422  INFO      httpx — HTTP Request: GET https://zuddl.my.salesforce.com/services/data/v59.0/query/0r8xx5VbdWVOYc4ASH-14000 "HTTP/1.1 200 OK"
2026-05-28 04:40:37,990  INFO      httpx — HTTP Request: GET https://zuddl.my.salesforce.com/services/data/v59.0/query/0r8xx5VbdWVOYc4ASH-14500 "HTTP/1.1 200 OK"
2026-05-28 04:40:38,499  INFO      httpx — HTTP Request: GET https://zuddl.my.salesforce.com/services/data/v59.0/query/0r8xx5VbdWVOYc4ASH-15000 "HTTP/1.1 200 OK"
2026-05-28 04:40:39,069  INFO      httpx — HTTP Request: GET https://zuddl.my.salesforce.com/services/data/v59.0/query/0r8xx5VbdWVOYc4ASH-15500 "HTTP/1.1 200 OK"
2026-05-28 04:40:39,601  INFO      httpx — HTTP Request: GET https://zuddl.my.salesforce.com/services/data/v59.0/query/0r8xx5VbdWVOYc4ASH-16000 "HTTP/1.1 200 OK"
2026-05-28 04:40:40,243  INFO      httpx — HTTP Request: GET https://zuddl.my.salesforce.com/services/data/v59.0/query/0r8xx5VbdWVOYc4ASH-16500 "HTTP/1.1 200 OK"
2026-05-28 04:40:40,765  INFO      httpx — HTTP Request: GET https://zuddl.my.salesforce.com/services/data/v59.0/query/0r8xx5VbdWVOYc4ASH-17000 "HTTP/1.1 200 OK"
2026-05-28 04:40:41,415  INFO      httpx — HTTP Request: GET https://zuddl.my.salesforce.com/services/data/v59.0/query/0r8xx5VbdWVOYc4ASH-17500 "HTTP/1.1 200 OK"
2026-05-28 04:40:41,915  INFO      httpx — HTTP Request: GET https://zuddl.my.salesforce.com/services/data/v59.0/query/0r8xx5VbdWVOYc4ASH-18000 "HTTP/1.1 200 OK"
2026-05-28 04:40:42,443  INFO      httpx — HTTP Request: GET https://zuddl.my.salesforce.com/services/data/v59.0/query/0r8xx5VbdWVOYc4ASH-18500 "HTTP/1.1 200 OK"
2026-05-28 04:40:43,007  INFO      httpx — HTTP Request: GET https://zuddl.my.salesforce.com/services/data/v59.0/query/0r8xx5VbdWVOYc4ASH-19000 "HTTP/1.1 200 OK"
2026-05-28 04:40:43,496  INFO      httpx — HTTP Request: GET https://zuddl.my.salesforce.com/services/data/v59.0/query/0r8xx5VbdWVOYc4ASH-19500 "HTTP/1.1 200 OK"
2026-05-28 04:40:44,082  INFO      httpx — HTTP Request: GET https://zuddl.my.salesforce.com/services/data/v59.0/query/0r8xx5VbdWVOYc4ASH-20000 "HTTP/1.1 200 OK"
2026-05-28 04:40:44,592  INFO      httpx — HTTP Request: GET https://zuddl.my.salesforce.com/services/data/v59.0/query/0r8xx5VbdWVOYc4ASH-20500 "HTTP/1.1 200 OK"
2026-05-28 04:40:45,111  INFO      httpx — HTTP Request: GET https://zuddl.my.salesforce.com/services/data/v59.0/query/0r8xx5VbdWVOYc4ASH-21000 "HTTP/1.1 200 OK"
2026-05-28 04:40:45,664  INFO      httpx — HTTP Request: GET https://zuddl.my.salesforce.com/services/data/v59.0/query/0r8xx5VbdWVOYc4ASH-21500 "HTTP/1.1 200 OK"
2026-05-28 04:40:46,180  INFO      httpx — HTTP Request: GET https://zuddl.my.salesforce.com/services/data/v59.0/query/0r8xx5VbdWVOYc4ASH-22000 "HTTP/1.1 200 OK"
2026-05-28 04:40:46,686  INFO      httpx — HTTP Request: GET https://zuddl.my.salesforce.com/services/data/v59.0/query/0r8xx5VbdWVOYc4ASH-22500 "HTTP/1.1 200 OK"
2026-05-28 04:40:47,325  INFO      httpx — HTTP Request: GET https://zuddl.my.salesforce.com/services/data/v59.0/query/0r8xx5VbdWVOYc4ASH-23000 "HTTP/1.1 200 OK"
2026-05-28 04:40:47,847  INFO      httpx — HTTP Request: GET https://zuddl.my.salesforce.com/services/data/v59.0/query/0r8xx5VbdWVOYc4ASH-23500 "HTTP/1.1 200 OK"
2026-05-28 04:40:48,532  INFO      httpx — HTTP Request: GET https://zuddl.my.salesforce.com/services/data/v59.0/query/0r8xx5VbdWVOYc4ASH-24000 "HTTP/1.1 200 OK"
2026-05-28 04:40:49,148  INFO      httpx — HTTP Request: GET https://zuddl.my.salesforce.com/services/data/v59.0/query/0r8xx5VbdWVOYc4ASH-24500 "HTTP/1.1 200 OK"
2026-05-28 04:40:49,633  INFO      httpx — HTTP Request: GET https://zuddl.my.salesforce.com/services/data/v59.0/query/0r8xx5VbdWVOYc4ASH-25000 "HTTP/1.1 200 OK"
2026-05-28 04:40:50,200  INFO      httpx — HTTP Request: GET https://zuddl.my.salesforce.com/services/data/v59.0/query/0r8xx5VbdWVOYc4ASH-25500 "HTTP/1.1 200 OK"
2026-05-28 04:40:50,719  INFO      httpx — HTTP Request: GET https://zuddl.my.salesforce.com/services/data/v59.0/query/0r8xx5VbdWVOYc4ASH-26000 "HTTP/1.1 200 OK"
2026-05-28 04:40:51,401  INFO      httpx — HTTP Request: GET https://zuddl.my.salesforce.com/services/data/v59.0/query/0r8xx5VbdWVOYc4ASH-26500 "HTTP/1.1 200 OK"
2026-05-28 04:40:51,770  INFO      httpx — HTTP Request: GET https://zuddl.my.salesforce.com/services/data/v59.0/query/0r8xx5VbdWVOYc4ASH-27000 "HTTP/1.1 200 OK"
2026-05-28 04:40:51,885  INFO      sf_sync — sf: fetched 27421 accounts (batch 1 / 80 fields)
2026-05-28 04:40:52,298  INFO      httpx — HTTP Request: GET https://zuddl.my.salesforce.com/services/data/v59.0/query?q=SELECT+Id%2C+License_Notes__c%2C+Tags_for_upload__c%2C+Company_type__c%2C+Revenue_range__c%2C+Region__c%2C+Domain__c%2C+LDR_responsible__c%2C+Intent_Bucket__c%2C+Event_Type_intent__c%2C+Relevant_Event_Link_1__c%2C+Relevant_Event_Link_2__c%2C+Relevant_Event_Link_3__c%2C+Number_of_attendees_intent__c%2C+of_events__c%2C+Last_Event_Date__c%2C+Future_Event_Date__c%2C+Salesloft_update__c%2C+Platform_used_if_others__c%2C+Plan_Type_Product__c%2C+Plan_Start_Date__c%2C+Plan_End_Date__c%2C+Team_Size_of_attendees__c%2C+of_attendees_registrations__c%2C+Cloud_Storage_Size_in_GB__c%2C+CSM_owner__c%2C+G2_Category_Pageviews__c%2C+G2_Comparison_Pageviews__c%2C+G2_Competitors_Pageviews__c%2C+G2_Last_Seen_At__c%2C+G2_Market_Score__c%2C+Platform_used__c%2C+Add_ons__c%2C+G2_Organisation_Domain__c%2C+G2_Organisation_Name__c%2C+G2_Pages_Viewed__c%2C+G2_Product_Profile_Pageviews__c%2C+G2_Sponsored_Content_Pageviews__c%2C+G2_Total_Pageviews__c%2C+ICP__c%2C+SDR_owner_change_date__c%2C+LID__LinkedIn_Company_Id__c%2C+Category__c%2C+Funding_range_LDR__c%2C+Enriched_on_date__c%2C+Focus_account__c%2C+Disco_booked_on__c%2C+Disco_scheduled_on__c%2C+Disco_scheduled_for__c%2C+Disco_booked_by__c%2C+Disco_comments__c%2C+Disco_status__c%2C+Contract_Period__c%2C+Current_contract_value__c%2C+Factors_ai_Domain__c%2C+Factors_ai_Industry__c%2C+Factors_ai_visited_Page_URL__c%2C+Factors_ai_Region__c%2C+Factors_ai_Country__c%2C+Factors_ai_Revenue_Range__c%2C+Annual_Conference_Link__c%2C+Upcoming_Webinars__c%2C+Account_Enriched_on__c%2C+Name_of_third_party_events__c%2C+Platform_for_Webinars__c%2C+Platforms_used_for__c%2C+Factors_Top_engagement_signals__c%2C+Factors_ai_Intent_date__c%2C+TAM_Segment__c%2C+Annual_Conference_Date__c%2C+Annual_conference_in_days__c%2C+Annual_conference_month__c%2C+Webinar_Self_Serve_Signup__c%2C+Plan_Type__c%2C+Webinar_self_serve_signup_date__c%2C+ABM__c%2C+Account_Status__c%2C+Factors_last_intent_date__c%2C+one_of_the_account_fields_updated__c%2C+Account_Research__c+FROM+Account+WHERE+IsDeleted+%3D+false "HTTP/1.1 200 OK"
2026-05-28 04:40:52,626  INFO      httpx — HTTP Request: GET https://zuddl.my.salesforce.com/services/data/v59.0/query/0r8xx5VbdotEcGkACK-250 "HTTP/1.1 200 OK"
2026-05-28 04:40:53,102  INFO      httpx — HTTP Request: GET https://zuddl.my.salesforce.com/services/data/v59.0/query/0r8xx5VbdotEcGkACK-500 "HTTP/1.1 200 OK"
2026-05-28 04:40:53,458  INFO      httpx — HTTP Request: GET https://zuddl.my.salesforce.com/services/data/v59.0/query/0r8xx5VbdotEcGkACK-750 "HTTP/1.1 200 OK"
2026-05-28 04:40:53,820  INFO      httpx — HTTP Request: GET https://zuddl.my.salesforce.com/services/data/v59.0/query/0r8xx5VbdotEcGkACK-1000 "HTTP/1.1 200 OK"
2026-05-28 04:40:54,203  INFO      httpx — HTTP Request: GET https://zuddl.my.salesforce.com/services/data/v59.0/query/0r8xx5VbdotEcGkACK-1250 "HTTP/1.1 200 OK"
2026-05-28 04:40:54,549  INFO      httpx — HTTP Request: GET https://zuddl.my.salesforce.com/services/data/v59.0/query/0r8xx5VbdotEcGkACK-1500 "HTTP/1.1 200 OK"
2026-05-28 04:40:54,923  INFO      httpx — HTTP Request: GET https://zuddl.my.salesforce.com/services/data/v59.0/query/0r8xx5VbdotEcGkACK-1750 "HTTP/1.1 200 OK"
2026-05-28 04:40:55,266  INFO      httpx — HTTP Request: GET https://zuddl.my.salesforce.com/services/data/v59.0/query/0r8xx5VbdotEcGkACK-2000 "HTTP/1.1 200 OK"
2026-05-28 04:40:55,589  INFO      httpx — HTTP Request: GET https://zuddl.my.salesforce.com/services/data/v59.0/query/0r8xx5VbdotEcGkACK-2250 "HTTP/1.1 200 OK"
2026-05-28 04:40:55,954  INFO      httpx — HTTP Request: GET https://zuddl.my.salesforce.com/services/data/v59.0/query/0r8xx5VbdotEcGkACK-2500 "HTTP/1.1 200 OK"
2026-05-28 04:40:56,304  INFO      httpx — HTTP Request: GET https://zuddl.my.salesforce.com/services/data/v59.0/query/0r8xx5VbdotEcGkACK-2750 "HTTP/1.1 200 OK"
2026-05-28 04:40:56,711  INFO      httpx — HTTP Request: GET https://zuddl.my.salesforce.com/services/data/v59.0/query/0r8xx5VbdotEcGkACK-3000 "HTTP/1.1 200 OK"
2026-05-28 04:40:57,045  INFO      httpx — HTTP Request: GET https://zuddl.my.salesforce.com/services/data/v59.0/query/0r8xx5VbdotEcGkACK-3250 "HTTP/1.1 200 OK"
2026-05-28 04:40:57,352  INFO      httpx — HTTP Request: GET https://zuddl.my.salesforce.com/services/data/v59.0/query/0r8xx5VbdotEcGkACK-3500 "HTTP/1.1 200 OK"
2026-05-28 04:40:57,690  INFO      httpx — HTTP Request: GET https://zuddl.my.salesforce.com/services/data/v59.0/query/0r8xx5VbdotEcGkACK-3750 "HTTP/1.1 200 OK"
2026-05-28 04:40:58,038  INFO      httpx — HTTP Request: GET https://zuddl.my.salesforce.com/services/data/v59.0/query/0r8xx5VbdotEcGkACK-4000 "HTTP/1.1 200 OK"
2026-05-28 04:40:58,358  INFO      httpx — HTTP Request: GET https://zuddl.my.salesforce.com/services/data/v59.0/query/0r8xx5VbdotEcGkACK-4250 "HTTP/1.1 200 OK"
2026-05-28 04:40:58,747  INFO      httpx — HTTP Request: GET https://zuddl.my.salesforce.com/services/data/v59.0/query/0r8xx5VbdotEcGkACK-4500 "HTTP/1.1 200 OK"
2026-05-28 04:40:59,050  INFO      httpx — HTTP Request: GET https://zuddl.my.salesforce.com/services/data/v59.0/query/0r8xx5VbdotEcGkACK-4750 "HTTP/1.1 200 OK"
2026-05-28 04:40:59,384  INFO      httpx — HTTP Request: GET https://zuddl.my.salesforce.com/services/data/v59.0/query/0r8xx5VbdotEcGkACK-5000 "HTTP/1.1 200 OK"
2026-05-28 04:40:59,707  INFO      httpx — HTTP Request: GET https://zuddl.my.salesforce.com/services/data/v59.0/query/0r8xx5VbdotEcGkACK-5250 "HTTP/1.1 200 OK"
2026-05-28 04:41:00,140  INFO      httpx — HTTP Request: GET https://zuddl.my.salesforce.com/services/data/v59.0/query/0r8xx5VbdotEcGkACK-5500 "HTTP/1.1 200 OK"
2026-05-28 04:41:00,440  INFO      httpx — HTTP Request: GET https://zuddl.my.salesforce.com/services/data/v59.0/query/0r8xx5VbdotEcGkACK-5750 "HTTP/1.1 200 OK"
2026-05-28 04:41:00,773  INFO      httpx — HTTP Request: GET https://zuddl.my.salesforce.com/services/data/v59.0/query/0r8xx5VbdotEcGkACK-6000 "HTTP/1.1 200 OK"
2026-05-28 04:41:01,085  INFO      httpx — HTTP Request: GET https://zuddl.my.salesforce.com/services/data/v59.0/query/0r8xx5VbdotEcGkACK-6250 "HTTP/1.1 200 OK"
2026-05-28 04:41:01,419  INFO      httpx — HTTP Request: GET https://zuddl.my.salesforce.com/services/data/v59.0/query/0r8xx5VbdotEcGkACK-6500 "HTTP/1.1 200 OK"
2026-05-28 04:41:01,763  INFO      httpx — HTTP Request: GET https://zuddl.my.salesforce.com/services/data/v59.0/query/0r8xx5VbdotEcGkACK-6750 "HTTP/1.1 200 OK"
2026-05-28 04:41:02,131  INFO      httpx — HTTP Request: GET https://zuddl.my.salesforce.com/services/data/v59.0/query/0r8xx5VbdotEcGkACK-7000 "HTTP/1.1 200 OK"
2026-05-28 04:41:02,472  INFO      httpx — HTTP Request: GET https://zuddl.my.salesforce.com/services/data/v59.0/query/0r8xx5VbdotEcGkACK-7250 "HTTP/1.1 200 OK"
2026-05-28 04:41:02,801  INFO      httpx — HTTP Request: GET https://zuddl.my.salesforce.com/services/data/v59.0/query/0r8xx5VbdotEcGkACK-7500 "HTTP/1.1 200 OK"
2026-05-28 04:41:03,188  INFO      httpx — HTTP Request: GET https://zuddl.my.salesforce.com/services/data/v59.0/query/0r8xx5VbdotEcGkACK-7750 "HTTP/1.1 200 OK"
2026-05-28 04:41:03,534  INFO      httpx — HTTP Request: GET https://zuddl.my.salesforce.com/services/data/v59.0/query/0r8xx5VbdotEcGkACK-8000 "HTTP/1.1 200 OK"
2026-05-28 04:41:03,872  INFO      httpx — HTTP Request: GET https://zuddl.my.salesforce.com/services/data/v59.0/query/0r8xx5VbdotEcGkACK-8250 "HTTP/1.1 200 OK"
2026-05-28 04:41:04,229  INFO      httpx — HTTP Request: GET https://zuddl.my.salesforce.com/services/data/v59.0/query/0r8xx5VbdotEcGkACK-8500 "HTTP/1.1 200 OK"
2026-05-28 04:41:04,711  INFO      httpx — HTTP Request: GET https://zuddl.my.salesforce.com/services/data/v59.0/query/0r8xx5VbdotEcGkACK-8750 "HTTP/1.1 200 OK"
2026-05-28 04:41:05,051  INFO      httpx — HTTP Request: GET https://zuddl.my.salesforce.com/services/data/v59.0/query/0r8xx5VbdotEcGkACK-9000 "HTTP/1.1 200 OK"
2026-05-28 04:41:05,476  INFO      httpx — HTTP Request: GET https://zuddl.my.salesforce.com/services/data/v59.0/query/0r8xx5VbdotEcGkACK-9250 "HTTP/1.1 200 OK"
2026-05-28 04:41:05,788  INFO      httpx — HTTP Request: GET https://zuddl.my.salesforce.com/services/data/v59.0/query/0r8xx5VbdotEcGkACK-9500 "HTTP/1.1 200 OK"
2026-05-28 04:41:06,084  INFO      httpx — HTTP Request: GET https://zuddl.my.salesforce.com/services/data/v59.0/query/0r8xx5VbdotEcGkACK-9750 "HTTP/1.1 200 OK"
2026-05-28 04:41:06,417  INFO      httpx — HTTP Request: GET https://zuddl.my.salesforce.com/services/data/v59.0/query/0r8xx5VbdotEcGkACK-10000 "HTTP/1.1 200 OK"
2026-05-28 04:41:06,712  INFO      httpx — HTTP Request: GET https://zuddl.my.salesforce.com/services/data/v59.0/query/0r8xx5VbdotEcGkACK-10250 "HTTP/1.1 200 OK"
2026-05-28 04:41:07,024  INFO      httpx — HTTP Request: GET https://zuddl.my.salesforce.com/services/data/v59.0/query/0r8xx5VbdotEcGkACK-10500 "HTTP/1.1 200 OK"
2026-05-28 04:41:07,348  INFO      httpx — HTTP Request: GET https://zuddl.my.salesforce.com/services/data/v59.0/query/0r8xx5VbdotEcGkACK-10750 "HTTP/1.1 200 OK"
2026-05-28 04:41:07,678  INFO      httpx — HTTP Request: GET https://zuddl.my.salesforce.com/services/data/v59.0/query/0r8xx5VbdotEcGkACK-11000 "HTTP/1.1 200 OK"
2026-05-28 04:41:07,980  INFO      httpx — HTTP Request: GET https://zuddl.my.salesforce.com/services/data/v59.0/query/0r8xx5VbdotEcGkACK-11250 "HTTP/1.1 200 OK"
2026-05-28 04:41:08,401  INFO      httpx — HTTP Request: GET https://zuddl.my.salesforce.com/services/data/v59.0/query/0r8xx5VbdotEcGkACK-11500 "HTTP/1.1 200 OK"
2026-05-28 04:41:08,741  INFO      httpx — HTTP Request: GET https://zuddl.my.salesforce.com/services/data/v59.0/query/0r8xx5VbdotEcGkACK-11750 "HTTP/1.1 200 OK"
2026-05-28 04:41:09,066  INFO      httpx — HTTP Request: GET https://zuddl.my.salesforce.com/services/data/v59.0/query/0r8xx5VbdotEcGkACK-12000 "HTTP/1.1 200 OK"
2026-05-28 04:41:09,448  INFO      httpx — HTTP Request: GET https://zuddl.my.salesforce.com/services/data/v59.0/query/0r8xx5VbdotEcGkACK-12250 "HTTP/1.1 200 OK"
2026-05-28 04:41:09,846  INFO      httpx — HTTP Request: GET https://zuddl.my.salesforce.com/services/data/v59.0/query/0r8xx5VbdotEcGkACK-12500 "HTTP/1.1 200 OK"
2026-05-28 04:41:10,200  INFO      httpx — HTTP Request: GET https://zuddl.my.salesforce.com/services/data/v59.0/query/0r8xx5VbdotEcGkACK-12750 "HTTP/1.1 200 OK"
2026-05-28 04:41:10,654  INFO      httpx — HTTP Request: GET https://zuddl.my.salesforce.com/services/data/v59.0/query/0r8xx5VbdotEcGkACK-13000 "HTTP/1.1 200 OK"
2026-05-28 04:41:11,038  INFO      httpx — HTTP Request: GET https://zuddl.my.salesforce.com/services/data/v59.0/query/0r8xx5VbdotEcGkACK-13250 "HTTP/1.1 200 OK"
2026-05-28 04:41:11,424  INFO      httpx — HTTP Request: GET https://zuddl.my.salesforce.com/services/data/v59.0/query/0r8xx5VbdotEcGkACK-13500 "HTTP/1.1 200 OK"
2026-05-28 04:41:11,751  INFO      httpx — HTTP Request: GET https://zuddl.my.salesforce.com/services/data/v59.0/query/0r8xx5VbdotEcGkACK-13750 "HTTP/1.1 200 OK"
2026-05-28 04:41:12,108  INFO      httpx — HTTP Request: GET https://zuddl.my.salesforce.com/services/data/v59.0/query/0r8xx5VbdotEcGkACK-14000 "HTTP/1.1 200 OK"
2026-05-28 04:41:12,498  INFO      httpx — HTTP Request: GET https://zuddl.my.salesforce.com/services/data/v59.0/query/0r8xx5VbdotEcGkACK-14250 "HTTP/1.1 200 OK"
2026-05-28 04:41:12,814  INFO      httpx — HTTP Request: GET https://zuddl.my.salesforce.com/services/data/v59.0/query/0r8xx5VbdotEcGkACK-14500 "HTTP/1.1 200 OK"
2026-05-28 04:41:13,242  INFO      httpx — HTTP Request: GET https://zuddl.my.salesforce.com/services/data/v59.0/query/0r8xx5VbdotEcGkACK-14750 "HTTP/1.1 200 OK"
2026-05-28 04:41:13,565  INFO      httpx — HTTP Request: GET https://zuddl.my.salesforce.com/services/data/v59.0/query/0r8xx5VbdotEcGkACK-15000 "HTTP/1.1 200 OK"
2026-05-28 04:41:13,885  INFO      httpx — HTTP Request: GET https://zuddl.my.salesforce.com/services/data/v59.0/query/0r8xx5VbdotEcGkACK-15250 "HTTP/1.1 200 OK"
2026-05-28 04:41:14,196  INFO      httpx — HTTP Request: GET https://zuddl.my.salesforce.com/services/data/v59.0/query/0r8xx5VbdotEcGkACK-15500 "HTTP/1.1 200 OK"
2026-05-28 04:41:14,545  INFO      httpx — HTTP Request: GET https://zuddl.my.salesforce.com/services/data/v59.0/query/0r8xx5VbdotEcGkACK-15750 "HTTP/1.1 200 OK"
2026-05-28 04:41:14,899  INFO      httpx — HTTP Request: GET https://zuddl.my.salesforce.com/services/data/v59.0/query/0r8xx5VbdotEcGkACK-16000 "HTTP/1.1 200 OK"
2026-05-28 04:41:15,262  INFO      httpx — HTTP Request: GET https://zuddl.my.salesforce.com/services/data/v59.0/query/0r8xx5VbdotEcGkACK-16250 "HTTP/1.1 200 OK"
2026-05-28 04:41:15,594  INFO      httpx — HTTP Request: GET https://zuddl.my.salesforce.com/services/data/v59.0/query/0r8xx5VbdotEcGkACK-16500 "HTTP/1.1 200 OK"
2026-05-28 04:41:15,913  INFO      httpx — HTTP Request: GET https://zuddl.my.salesforce.com/services/data/v59.0/query/0r8xx5VbdotEcGkACK-16750 "HTTP/1.1 200 OK"
2026-05-28 04:41:16,290  INFO      httpx — HTTP Request: GET https://zuddl.my.salesforce.com/services/data/v59.0/query/0r8xx5VbdotEcGkACK-17000 "HTTP/1.1 200 OK"
2026-05-28 04:41:16,619  INFO      httpx — HTTP Request: GET https://zuddl.my.salesforce.com/services/data/v59.0/query/0r8xx5VbdotEcGkACK-17250 "HTTP/1.1 200 OK"
2026-05-28 04:41:16,907  INFO      httpx — HTTP Request: GET https://zuddl.my.salesforce.com/services/data/v59.0/query/0r8xx5VbdotEcGkACK-17500 "HTTP/1.1 200 OK"
2026-05-28 04:41:17,229  INFO      httpx — HTTP Request: GET https://zuddl.my.salesforce.com/services/data/v59.0/query/0r8xx5VbdotEcGkACK-17750 "HTTP/1.1 200 OK"
2026-05-28 04:41:17,525  INFO      httpx — HTTP Request: GET https://zuddl.my.salesforce.com/services/data/v59.0/query/0r8xx5VbdotEcGkACK-18000 "HTTP/1.1 200 OK"
2026-05-28 04:41:17,862  INFO      httpx — HTTP Request: GET https://zuddl.my.salesforce.com/services/data/v59.0/query/0r8xx5VbdotEcGkACK-18250 "HTTP/1.1 200 OK"
2026-05-28 04:41:18,150  INFO      httpx — HTTP Request: GET https://zuddl.my.salesforce.com/services/data/v59.0/query/0r8xx5VbdotEcGkACK-18500 "HTTP/1.1 200 OK"
2026-05-28 04:41:18,482  INFO      httpx — HTTP Request: GET https://zuddl.my.salesforce.com/services/data/v59.0/query/0r8xx5VbdotEcGkACK-18750 "HTTP/1.1 200 OK"
2026-05-28 04:41:18,878  INFO      httpx — HTTP Request: GET https://zuddl.my.salesforce.com/services/data/v59.0/query/0r8xx5VbdotEcGkACK-19000 "HTTP/1.1 200 OK"
2026-05-28 04:41:19,228  INFO      httpx — HTTP Request: GET https://zuddl.my.salesforce.com/services/data/v59.0/query/0r8xx5VbdotEcGkACK-19250 "HTTP/1.1 200 OK"
2026-05-28 04:41:19,525  INFO      httpx — HTTP Request: GET https://zuddl.my.salesforce.com/services/data/v59.0/query/0r8xx5VbdotEcGkACK-19500 "HTTP/1.1 200 OK"
2026-05-28 04:41:19,838  INFO      httpx — HTTP Request: GET https://zuddl.my.salesforce.com/services/data/v59.0/query/0r8xx5VbdotEcGkACK-19750 "HTTP/1.1 200 OK"
2026-05-28 04:41:20,157  INFO      httpx — HTTP Request: GET https://zuddl.my.salesforce.com/services/data/v59.0/query/0r8xx5VbdotEcGkACK-20000 "HTTP/1.1 200 OK"
2026-05-28 04:41:20,464  INFO      httpx — HTTP Request: GET https://zuddl.my.salesforce.com/services/data/v59.0/query/0r8xx5VbdotEcGkACK-20250 "HTTP/1.1 200 OK"
2026-05-28 04:41:20,789  INFO      httpx — HTTP Request: GET https://zuddl.my.salesforce.com/services/data/v59.0/query/0r8xx5VbdotEcGkACK-20500 "HTTP/1.1 200 OK"
2026-05-28 04:41:21,126  INFO      httpx — HTTP Request: GET https://zuddl.my.salesforce.com/services/data/v59.0/query/0r8xx5VbdotEcGkACK-20750 "HTTP/1.1 200 OK"
2026-05-28 04:41:21,416  INFO      httpx — HTTP Request: GET https://zuddl.my.salesforce.com/services/data/v59.0/query/0r8xx5VbdotEcGkACK-21000 "HTTP/1.1 200 OK"
2026-05-28 04:41:21,753  INFO      httpx — HTTP Request: GET https://zuddl.my.salesforce.com/services/data/v59.0/query/0r8xx5VbdotEcGkACK-21250 "HTTP/1.1 200 OK"
2026-05-28 04:41:22,076  INFO      httpx — HTTP Request: GET https://zuddl.my.salesforce.com/services/data/v59.0/query/0r8xx5VbdotEcGkACK-21500 "HTTP/1.1 200 OK"
2026-05-28 04:41:22,418  INFO      httpx — HTTP Request: GET https://zuddl.my.salesforce.com/services/data/v59.0/query/0r8xx5VbdotEcGkACK-21750 "HTTP/1.1 200 OK"
2026-05-28 04:41:22,714  INFO      httpx — HTTP Request: GET https://zuddl.my.salesforce.com/services/data/v59.0/query/0r8xx5VbdotEcGkACK-22000 "HTTP/1.1 200 OK"
2026-05-28 04:41:23,007  INFO      httpx — HTTP Request: GET https://zuddl.my.salesforce.com/services/data/v59.0/query/0r8xx5VbdotEcGkACK-22250 "HTTP/1.1 200 OK"
2026-05-28 04:41:23,356  INFO      httpx — HTTP Request: GET https://zuddl.my.salesforce.com/services/data/v59.0/query/0r8xx5VbdotEcGkACK-22500 "HTTP/1.1 200 OK"
2026-05-28 04:41:23,657  INFO      httpx — HTTP Request: GET https://zuddl.my.salesforce.com/services/data/v59.0/query/0r8xx5VbdotEcGkACK-22750 "HTTP/1.1 200 OK"
2026-05-28 04:41:23,965  INFO      httpx — HTTP Request: GET https://zuddl.my.salesforce.com/services/data/v59.0/query/0r8xx5VbdotEcGkACK-23000 "HTTP/1.1 200 OK"
2026-05-28 04:41:24,273  INFO      httpx — HTTP Request: GET https://zuddl.my.salesforce.com/services/data/v59.0/query/0r8xx5VbdotEcGkACK-23250 "HTTP/1.1 200 OK"
2026-05-28 04:41:24,615  INFO      httpx — HTTP Request: GET https://zuddl.my.salesforce.com/services/data/v59.0/query/0r8xx5VbdotEcGkACK-23500 "HTTP/1.1 200 OK"
2026-05-28 04:41:24,900  INFO      httpx — HTTP Request: GET https://zuddl.my.salesforce.com/services/data/v59.0/query/0r8xx5VbdotEcGkACK-23750 "HTTP/1.1 200 OK"
2026-05-28 04:41:25,227  INFO      httpx — HTTP Request: GET https://zuddl.my.salesforce.com/services/data/v59.0/query/0r8xx5VbdotEcGkACK-24000 "HTTP/1.1 200 OK"
2026-05-28 04:41:25,555  INFO      httpx — HTTP Request: GET https://zuddl.my.salesforce.com/services/data/v59.0/query/0r8xx5VbdotEcGkACK-24250 "HTTP/1.1 200 OK"
2026-05-28 04:41:25,872  INFO      httpx — HTTP Request: GET https://zuddl.my.salesforce.com/services/data/v59.0/query/0r8xx5VbdotEcGkACK-24500 "HTTP/1.1 200 OK"
2026-05-28 04:41:26,250  INFO      httpx — HTTP Request: GET https://zuddl.my.salesforce.com/services/data/v59.0/query/0r8xx5VbdotEcGkACK-24750 "HTTP/1.1 200 OK"
2026-05-28 04:41:26,589  INFO      httpx — HTTP Request: GET https://zuddl.my.salesforce.com/services/data/v59.0/query/0r8xx5VbdotEcGkACK-25000 "HTTP/1.1 200 OK"
2026-05-28 04:41:26,906  INFO      httpx — HTTP Request: GET https://zuddl.my.salesforce.com/services/data/v59.0/query/0r8xx5VbdotEcGkACK-25250 "HTTP/1.1 200 OK"
2026-05-28 04:41:27,240  INFO      httpx — HTTP Request: GET https://zuddl.my.salesforce.com/services/data/v59.0/query/0r8xx5VbdotEcGkACK-25500 "HTTP/1.1 200 OK"
2026-05-28 04:41:27,650  INFO      httpx — HTTP Request: GET https://zuddl.my.salesforce.com/services/data/v59.0/query/0r8xx5VbdotEcGkACK-25750 "HTTP/1.1 200 OK"
2026-05-28 04:41:28,060  INFO      httpx — HTTP Request: GET https://zuddl.my.salesforce.com/services/data/v59.0/query/0r8xx5VbdotEcGkACK-26000 "HTTP/1.1 200 OK"
2026-05-28 04:41:28,380  INFO      httpx — HTTP Request: GET https://zuddl.my.salesforce.com/services/data/v59.0/query/0r8xx5VbdotEcGkACK-26250 "HTTP/1.1 200 OK"
2026-05-28 04:41:28,732  INFO      httpx — HTTP Request: GET https://zuddl.my.salesforce.com/services/data/v59.0/query/0r8xx5VbdotEcGkACK-26500 "HTTP/1.1 200 OK"
2026-05-28 04:41:29,186  INFO      httpx — HTTP Request: GET https://zuddl.my.salesforce.com/services/data/v59.0/query/0r8xx5VbdotEcGkACK-26750 "HTTP/1.1 200 OK"
2026-05-28 04:41:29,506  INFO      httpx — HTTP Request: GET https://zuddl.my.salesforce.com/services/data/v59.0/query/0r8xx5VbdotEcGkACK-27000 "HTTP/1.1 200 OK"
2026-05-28 04:41:29,799  INFO      httpx — HTTP Request: GET https://zuddl.my.salesforce.com/services/data/v59.0/query/0r8xx5VbdotEcGkACK-27250 "HTTP/1.1 200 OK"
2026-05-28 04:41:30,006  INFO      sf_sync — sf: merged extra batch of 80 fields
2026-05-28 04:41:30,405  INFO      httpx — HTTP Request: GET https://zuddl.my.salesforce.com/services/data/v59.0/query?q=SELECT+Id%2C+ABM_reachout_strategy__c%2C+G2_intent_date__c%2C+Dummy_for_upload__c%2C+Field_Marketing_Event__c%2C+Engagement_Score_from_Factors_ai__c%2C+Factors_Enriched__c%2C+Source_6sense__c%2C+Linkedin_URL__c%2C+Factors_Engagement_Level__c%2C+G2_review__c%2C+Written_testimonial__c%2C+Video_testimonial__c%2C+Case_study__c%2C+Use_case_expansion__c%2C+Feature_usage_expansion__c%2C+Raving_Fan_Score__c%2C+Use_Case_2024__c%2C+Add_ons_new__c%2C+Is_Active_Customer__c%2C+G2_review_or_case_study__c%2C+Months_Into_Contract__c%2C+Social_Engagement_Type__c%2C+Number_of_Field_Events__c%2C+Number_of_Field_Event_Marketers__c%2C+Competitor_Stack__c%2C+Number_of_Webinars__c%2C+No_of_3rd_party_events_year__c%2C+Event_roles_Absent__c%2C+Data_Stale__c%2C+Updated_by_Flow__c%2C+Factors_Account_Summary__c%2C+Account_Fit_Score__c%2C+Nrev_Enriched__c%2C+Last_Feedback_Call__c%2C+Last_Meeting_Date__c%2C+Next_Meeting_Date__c%2C+Potential_Use_Case_Expansions__c%2C+Primary_CS_Ops__c%2C+Secondary_CS_Ops__c%2C+Stage__c%2C+Contract_Term_Years__c%2C+Conference_Name__c%2C+Platform_Package__c%2C+X1st_party_Engagement_Score__c%2C+Last_Funding_date__c%2C+Highperformr_Funding_Date__c%2C+Highperformr_Last_Interaction_Time__c%2C+Onboarding_Completed__c%2C+Specific_Roles_Hiring_for__c%2C+X3rd_Party_Engagement_Score__c%2C+X2nd_party_Engagement_Score__c%2C+Normalized_Engagement_Score__c%2C+Trigger_refresh__c%2C+Social_Mention__c%2C+Hiring_for_Event_Roles__c%2C+Expansion_Candidate__c%2C+Inactive_90_days__c%2C+Composite_ABM_Score__c%2C+Has_Open_Opps__c%2C+Has_Active_New_or_Existing_Opp__c%2C+Has_Active_Renewal_Opp__c%2C+Has_Closed_Lost_Renewal_Opp__c%2C+Account_Status_Rank__c%2C+Ops_testing_text__c%2C+Ops_testing__c%2C+Plan_end_date_90_days__c%2C+Disco_Booked_On_180_Days__c%2C+Has_closed_lost_Dead_lost_Opp__c%2C+Latest_Funding_Round__c%2C+Field_Event_Hosted_Type__c%2C+Field_Event_Reasoning__c%2C+Company_Description__c%2C+Third_Party_Events_Type__c%2C+Third_Party_Reasoning__c%2C+Annual_Conference_Reasoning__c%2C+Expansion_Opps_Open_Count__c%2C+Has_Open_Expansion_Opp__c%2C+Sales_Notes__c%2C+Competitor_Stack_Nrev__c+FROM+Account+WHERE+IsDeleted+%3D+false "HTTP/1.1 200 OK"
2026-05-28 04:41:30,826  INFO      httpx — HTTP Request: GET https://zuddl.my.salesforce.com/services/data/v59.0/query/0r8xx5VbeB8uccdASA-200 "HTTP/1.1 200 OK"
2026-05-28 04:41:31,174  INFO      httpx — HTTP Request: GET https://zuddl.my.salesforce.com/services/data/v59.0/query/0r8xx5VbeB8uccdASA-400 "HTTP/1.1 200 OK"
2026-05-28 04:41:31,515  INFO      httpx — HTTP Request: GET https://zuddl.my.salesforce.com/services/data/v59.0/query/0r8xx5VbeB8uccdASA-600 "HTTP/1.1 200 OK"
2026-05-28 04:41:31,898  INFO      httpx — HTTP Request: GET https://zuddl.my.salesforce.com/services/data/v59.0/query/0r8xx5VbeB8uccdASA-800 "HTTP/1.1 200 OK"
2026-05-28 04:41:32,223  INFO      httpx — HTTP Request: GET https://zuddl.my.salesforce.com/services/data/v59.0/query/0r8xx5VbeB8uccdASA-1000 "HTTP/1.1 200 OK"
2026-05-28 04:41:32,548  INFO      httpx — HTTP Request: GET https://zuddl.my.salesforce.com/services/data/v59.0/query/0r8xx5VbeB8uccdASA-1200 "HTTP/1.1 200 OK"
2026-05-28 04:41:32,886  INFO      httpx — HTTP Request: GET https://zuddl.my.salesforce.com/services/data/v59.0/query/0r8xx5VbeB8uccdASA-1400 "HTTP/1.1 200 OK"
2026-05-28 04:41:33,310  INFO      httpx — HTTP Request: GET https://zuddl.my.salesforce.com/services/data/v59.0/query/0r8xx5VbeB8uccdASA-1600 "HTTP/1.1 200 OK"
2026-05-28 04:41:33,686  INFO      httpx — HTTP Request: GET https://zuddl.my.salesforce.com/services/data/v59.0/query/0r8xx5VbeB8uccdASA-1800 "HTTP/1.1 200 OK"
2026-05-28 04:41:34,015  INFO      httpx — HTTP Request: GET https://zuddl.my.salesforce.com/services/data/v59.0/query/0r8xx5VbeB8uccdASA-2000 "HTTP/1.1 200 OK"
2026-05-28 04:41:34,373  INFO      httpx — HTTP Request: GET https://zuddl.my.salesforce.com/services/data/v59.0/query/0r8xx5VbeB8uccdASA-2200 "HTTP/1.1 200 OK"
2026-05-28 04:41:34,705  INFO      httpx — HTTP Request: GET https://zuddl.my.salesforce.com/services/data/v59.0/query/0r8xx5VbeB8uccdASA-2400 "HTTP/1.1 200 OK"
2026-05-28 04:41:35,031  INFO      httpx — HTTP Request: GET https://zuddl.my.salesforce.com/services/data/v59.0/query/0r8xx5VbeB8uccdASA-2600 "HTTP/1.1 200 OK"
2026-05-28 04:41:35,366  INFO      httpx — HTTP Request: GET https://zuddl.my.salesforce.com/services/data/v59.0/query/0r8xx5VbeB8uccdASA-2800 "HTTP/1.1 200 OK"
2026-05-28 04:41:35,644  INFO      httpx — HTTP Request: GET https://zuddl.my.salesforce.com/services/data/v59.0/query/0r8xx5VbeB8uccdASA-3000 "HTTP/1.1 200 OK"
2026-05-28 04:41:35,934  INFO      httpx — HTTP Request: GET https://zuddl.my.salesforce.com/services/data/v59.0/query/0r8xx5VbeB8uccdASA-3200 "HTTP/1.1 200 OK"
2026-05-28 04:41:36,249  INFO      httpx — HTTP Request: GET https://zuddl.my.salesforce.com/services/data/v59.0/query/0r8xx5VbeB8uccdASA-3400 "HTTP/1.1 200 OK"
2026-05-28 04:41:36,513  INFO      httpx — HTTP Request: GET https://zuddl.my.salesforce.com/services/data/v59.0/query/0r8xx5VbeB8uccdASA-3600 "HTTP/1.1 200 OK"
2026-05-28 04:41:36,967  INFO      httpx — HTTP Request: GET https://zuddl.my.salesforce.com/services/data/v59.0/query/0r8xx5VbeB8uccdASA-3800 "HTTP/1.1 200 OK"
2026-05-28 04:41:37,242  INFO      httpx — HTTP Request: GET https://zuddl.my.salesforce.com/services/data/v59.0/query/0r8xx5VbeB8uccdASA-4000 "HTTP/1.1 200 OK"
2026-05-28 04:41:37,521  INFO      httpx — HTTP Request: GET https://zuddl.my.salesforce.com/services/data/v59.0/query/0r8xx5VbeB8uccdASA-4200 "HTTP/1.1 200 OK"
2026-05-28 04:41:37,843  INFO      httpx — HTTP Request: GET https://zuddl.my.salesforce.com/services/data/v59.0/query/0r8xx5VbeB8uccdASA-4400 "HTTP/1.1 200 OK"
2026-05-28 04:41:38,155  INFO      httpx — HTTP Request: GET https://zuddl.my.salesforce.com/services/data/v59.0/query/0r8xx5VbeB8uccdASA-4600 "HTTP/1.1 200 OK"
2026-05-28 04:41:38,509  INFO      httpx — HTTP Request: GET https://zuddl.my.salesforce.com/services/data/v59.0/query/0r8xx5VbeB8uccdASA-4800 "HTTP/1.1 200 OK"
2026-05-28 04:41:38,834  INFO      httpx — HTTP Request: GET https://zuddl.my.salesforce.com/services/data/v59.0/query/0r8xx5VbeB8uccdASA-5000 "HTTP/1.1 200 OK"
2026-05-28 04:41:39,157  INFO      httpx — HTTP Request: GET https://zuddl.my.salesforce.com/services/data/v59.0/query/0r8xx5VbeB8uccdASA-5200 "HTTP/1.1 200 OK"
2026-05-28 04:41:39,467  INFO      httpx — HTTP Request: GET https://zuddl.my.salesforce.com/services/data/v59.0/query/0r8xx5VbeB8uccdASA-5400 "HTTP/1.1 200 OK"
2026-05-28 04:41:39,843  INFO      httpx — HTTP Request: GET https://zuddl.my.salesforce.com/services/data/v59.0/query/0r8xx5VbeB8uccdASA-5600 "HTTP/1.1 200 OK"
2026-05-28 04:41:40,225  INFO      httpx — HTTP Request: GET https://zuddl.my.salesforce.com/services/data/v59.0/query/0r8xx5VbeB8uccdASA-5800 "HTTP/1.1 200 OK"
2026-05-28 04:41:40,559  INFO      httpx — HTTP Request: GET https://zuddl.my.salesforce.com/services/data/v59.0/query/0r8xx5VbeB8uccdASA-6000 "HTTP/1.1 200 OK"
2026-05-28 04:41:40,893  INFO      httpx — HTTP Request: GET https://zuddl.my.salesforce.com/services/data/v59.0/query/0r8xx5VbeB8uccdASA-6200 "HTTP/1.1 200 OK"
2026-05-28 04:41:41,247  INFO      httpx — HTTP Request: GET https://zuddl.my.salesforce.com/services/data/v59.0/query/0r8xx5VbeB8uccdASA-6400 "HTTP/1.1 200 OK"
2026-05-28 04:41:41,681  INFO      httpx — HTTP Request: GET https://zuddl.my.salesforce.com/services/data/v59.0/query/0r8xx5VbeB8uccdASA-6600 "HTTP/1.1 200 OK"
2026-05-28 04:41:42,029  INFO      httpx — HTTP Request: GET https://zuddl.my.salesforce.com/services/data/v59.0/query/0r8xx5VbeB8uccdASA-6800 "HTTP/1.1 200 OK"
2026-05-28 04:41:42,355  INFO      httpx — HTTP Request: GET https://zuddl.my.salesforce.com/services/data/v59.0/query/0r8xx5VbeB8uccdASA-7000 "HTTP/1.1 200 OK"
2026-05-28 04:41:42,735  INFO      httpx — HTTP Request: GET https://zuddl.my.salesforce.com/services/data/v59.0/query/0r8xx5VbeB8uccdASA-7200 "HTTP/1.1 200 OK"
2026-05-28 04:41:43,119  INFO      httpx — HTTP Request: GET https://zuddl.my.salesforce.com/services/data/v59.0/query/0r8xx5VbeB8uccdASA-7400 "HTTP/1.1 200 OK"
2026-05-28 04:41:43,493  INFO      httpx — HTTP Request: GET https://zuddl.my.salesforce.com/services/data/v59.0/query/0r8xx5VbeB8uccdASA-7600 "HTTP/1.1 200 OK"
2026-05-28 04:41:43,815  INFO      httpx — HTTP Request: GET https://zuddl.my.salesforce.com/services/data/v59.0/query/0r8xx5VbeB8uccdASA-7800 "HTTP/1.1 200 OK"
2026-05-28 04:41:44,159  INFO      httpx — HTTP Request: GET https://zuddl.my.salesforce.com/services/data/v59.0/query/0r8xx5VbeB8uccdASA-8000 "HTTP/1.1 200 OK"
2026-05-28 04:41:44,527  INFO      httpx — HTTP Request: GET https://zuddl.my.salesforce.com/services/data/v59.0/query/0r8xx5VbeB8uccdASA-8200 "HTTP/1.1 200 OK"
2026-05-28 04:41:44,882  INFO      httpx — HTTP Request: GET https://zuddl.my.salesforce.com/services/data/v59.0/query/0r8xx5VbeB8uccdASA-8400 "HTTP/1.1 200 OK"
2026-05-28 04:41:45,373  INFO      httpx — HTTP Request: GET https://zuddl.my.salesforce.com/services/data/v59.0/query/0r8xx5VbeB8uccdASA-8600 "HTTP/1.1 200 OK"
2026-05-28 04:41:45,715  INFO      httpx — HTTP Request: GET https://zuddl.my.salesforce.com/services/data/v59.0/query/0r8xx5VbeB8uccdASA-8800 "HTTP/1.1 200 OK"
2026-05-28 04:41:46,068  INFO      httpx — HTTP Request: GET https://zuddl.my.salesforce.com/services/data/v59.0/query/0r8xx5VbeB8uccdASA-9000 "HTTP/1.1 200 OK"
2026-05-28 04:41:46,418  INFO      httpx — HTTP Request: GET https://zuddl.my.salesforce.com/services/data/v59.0/query/0r8xx5VbeB8uccdASA-9200 "HTTP/1.1 200 OK"
2026-05-28 04:41:46,749  INFO      httpx — HTTP Request: GET https://zuddl.my.salesforce.com/services/data/v59.0/query/0r8xx5VbeB8uccdASA-9400 "HTTP/1.1 200 OK"
2026-05-28 04:41:47,136  INFO      httpx — HTTP Request: GET https://zuddl.my.salesforce.com/services/data/v59.0/query/0r8xx5VbeB8uccdASA-9600 "HTTP/1.1 200 OK"
2026-05-28 04:41:47,444  INFO      httpx — HTTP Request: GET https://zuddl.my.salesforce.com/services/data/v59.0/query/0r8xx5VbeB8uccdASA-9800 "HTTP/1.1 200 OK"
2026-05-28 04:41:47,780  INFO      httpx — HTTP Request: GET https://zuddl.my.salesforce.com/services/data/v59.0/query/0r8xx5VbeB8uccdASA-10000 "HTTP/1.1 200 OK"
2026-05-28 04:41:48,108  INFO      httpx — HTTP Request: GET https://zuddl.my.salesforce.com/services/data/v59.0/query/0r8xx5VbeB8uccdASA-10200 "HTTP/1.1 200 OK"
2026-05-28 04:41:48,455  INFO      httpx — HTTP Request: GET https://zuddl.my.salesforce.com/services/data/v59.0/query/0r8xx5VbeB8uccdASA-10400 "HTTP/1.1 200 OK"
2026-05-28 04:41:48,728  INFO      httpx — HTTP Request: GET https://zuddl.my.salesforce.com/services/data/v59.0/query/0r8xx5VbeB8uccdASA-10600 "HTTP/1.1 200 OK"
2026-05-28 04:41:49,017  INFO      httpx — HTTP Request: GET https://zuddl.my.salesforce.com/services/data/v59.0/query/0r8xx5VbeB8uccdASA-10800 "HTTP/1.1 200 OK"
2026-05-28 04:41:49,327  INFO      httpx — HTTP Request: GET https://zuddl.my.salesforce.com/services/data/v59.0/query/0r8xx5VbeB8uccdASA-11000 "HTTP/1.1 200 OK"
2026-05-28 04:41:49,638  INFO      httpx — HTTP Request: GET https://zuddl.my.salesforce.com/services/data/v59.0/query/0r8xx5VbeB8uccdASA-11200 "HTTP/1.1 200 OK"
2026-05-28 04:41:49,941  INFO      httpx — HTTP Request: GET https://zuddl.my.salesforce.com/services/data/v59.0/query/0r8xx5VbeB8uccdASA-11400 "HTTP/1.1 200 OK"
2026-05-28 04:41:50,261  INFO      httpx — HTTP Request: GET https://zuddl.my.salesforce.com/services/data/v59.0/query/0r8xx5VbeB8uccdASA-11600 "HTTP/1.1 200 OK"
2026-05-28 04:41:50,561  INFO      httpx — HTTP Request: GET https://zuddl.my.salesforce.com/services/data/v59.0/query/0r8xx5VbeB8uccdASA-11800 "HTTP/1.1 200 OK"
2026-05-28 04:41:50,845  INFO      httpx — HTTP Request: GET https://zuddl.my.salesforce.com/services/data/v59.0/query/0r8xx5VbeB8uccdASA-12000 "HTTP/1.1 200 OK"
2026-05-28 04:41:51,146  INFO      httpx — HTTP Request: GET https://zuddl.my.salesforce.com/services/data/v59.0/query/0r8xx5VbeB8uccdASA-12200 "HTTP/1.1 200 OK"
2026-05-28 04:41:51,467  INFO      httpx — HTTP Request: GET https://zuddl.my.salesforce.com/services/data/v59.0/query/0r8xx5VbeB8uccdASA-12400 "HTTP/1.1 200 OK"
2026-05-28 04:41:51,780  INFO      httpx — HTTP Request: GET https://zuddl.my.salesforce.com/services/data/v59.0/query/0r8xx5VbeB8uccdASA-12600 "HTTP/1.1 200 OK"
2026-05-28 04:41:52,142  INFO      httpx — HTTP Request: GET https://zuddl.my.salesforce.com/services/data/v59.0/query/0r8xx5VbeB8uccdASA-12800 "HTTP/1.1 200 OK"
2026-05-28 05:13:38,544  INFO      run_sync — ▶ starting gong sync…
2026-05-28 05:13:38,973  INFO      gong_sync — gong sync starting…
2026-05-28 05:13:39,684  INFO      httpx — HTTP Request: GET https://gfpezoxueqsrotisojip.supabase.co/rest/v1/accounts?select=id%2Cname%2Cdomain%2Cemail_domain&offset=0&limit=1000 "HTTP/2 200 OK"
2026-05-28 05:13:40,257  INFO      httpx — HTTP Request: GET https://gfpezoxueqsrotisojip.supabase.co/rest/v1/accounts?select=id%2Cname%2Cdomain%2Cemail_domain&offset=1000&limit=1000 "HTTP/2 200 OK"
2026-05-28 05:13:40,659  INFO      httpx — HTTP Request: GET https://gfpezoxueqsrotisojip.supabase.co/rest/v1/accounts?select=id%2Cname%2Cdomain%2Cemail_domain&offset=2000&limit=1000 "HTTP/2 200 OK"
2026-05-28 05:13:41,080  INFO      httpx — HTTP Request: GET https://gfpezoxueqsrotisojip.supabase.co/rest/v1/accounts?select=id%2Cname%2Cdomain%2Cemail_domain&offset=3000&limit=1000 "HTTP/2 200 OK"
2026-05-28 05:13:41,435  INFO      httpx — HTTP Request: GET https://gfpezoxueqsrotisojip.supabase.co/rest/v1/accounts?select=id%2Cname%2Cdomain%2Cemail_domain&offset=4000&limit=1000 "HTTP/2 200 OK"
2026-05-28 05:13:41,819  INFO      httpx — HTTP Request: GET https://gfpezoxueqsrotisojip.supabase.co/rest/v1/accounts?select=id%2Cname%2Cdomain%2Cemail_domain&offset=5000&limit=1000 "HTTP/2 200 OK"
2026-05-28 05:13:42,060  INFO      httpx — HTTP Request: GET https://gfpezoxueqsrotisojip.supabase.co/rest/v1/accounts?select=id%2Cname%2Cdomain%2Cemail_domain&offset=6000&limit=1000 "HTTP/2 200 OK"
2026-05-28 05:13:42,434  INFO      httpx — HTTP Request: GET https://gfpezoxueqsrotisojip.supabase.co/rest/v1/accounts?select=id%2Cname%2Cdomain%2Cemail_domain&offset=7000&limit=1000 "HTTP/2 200 OK"
2026-05-28 05:13:42,843  INFO      httpx — HTTP Request: GET https://gfpezoxueqsrotisojip.supabase.co/rest/v1/accounts?select=id%2Cname%2Cdomain%2Cemail_domain&offset=8000&limit=1000 "HTTP/2 200 OK"
2026-05-28 05:13:43,185  INFO      httpx — HTTP Request: GET https://gfpezoxueqsrotisojip.supabase.co/rest/v1/accounts?select=id%2Cname%2Cdomain%2Cemail_domain&offset=9000&limit=1000 "HTTP/2 200 OK"
2026-05-28 05:13:43,547  INFO      httpx — HTTP Request: GET https://gfpezoxueqsrotisojip.supabase.co/rest/v1/accounts?select=id%2Cname%2Cdomain%2Cemail_domain&offset=10000&limit=1000 "HTTP/2 200 OK"
2026-05-28 05:13:43,897  INFO      httpx — HTTP Request: GET https://gfpezoxueqsrotisojip.supabase.co/rest/v1/accounts?select=id%2Cname%2Cdomain%2Cemail_domain&offset=11000&limit=1000 "HTTP/2 200 OK"
2026-05-28 05:13:44,241  INFO      httpx — HTTP Request: GET https://gfpezoxueqsrotisojip.supabase.co/rest/v1/accounts?select=id%2Cname%2Cdomain%2Cemail_domain&offset=12000&limit=1000 "HTTP/2 200 OK"
2026-05-28 05:13:44,602  INFO      httpx — HTTP Request: GET https://gfpezoxueqsrotisojip.supabase.co/rest/v1/accounts?select=id%2Cname%2Cdomain%2Cemail_domain&offset=13000&limit=1000 "HTTP/2 200 OK"
2026-05-28 05:13:45,200  INFO      httpx — HTTP Request: GET https://gfpezoxueqsrotisojip.supabase.co/rest/v1/accounts?select=id%2Cname%2Cdomain%2Cemail_domain&offset=14000&limit=1000 "HTTP/2 200 OK"
2026-05-28 05:13:45,572  INFO      httpx — HTTP Request: GET https://gfpezoxueqsrotisojip.supabase.co/rest/v1/accounts?select=id%2Cname%2Cdomain%2Cemail_domain&offset=15000&limit=1000 "HTTP/2 200 OK"
2026-05-28 05:13:45,801  INFO      httpx — HTTP Request: GET https://gfpezoxueqsrotisojip.supabase.co/rest/v1/accounts?select=id%2Cname%2Cdomain%2Cemail_domain&offset=16000&limit=1000 "HTTP/2 200 OK"
2026-05-28 05:13:46,175  INFO      httpx — HTTP Request: GET https://gfpezoxueqsrotisojip.supabase.co/rest/v1/accounts?select=id%2Cname%2Cdomain%2Cemail_domain&offset=17000&limit=1000 "HTTP/2 200 OK"
2026-05-28 05:13:46,540  INFO      httpx — HTTP Request: GET https://gfpezoxueqsrotisojip.supabase.co/rest/v1/accounts?select=id%2Cname%2Cdomain%2Cemail_domain&offset=18000&limit=1000 "HTTP/2 200 OK"
2026-05-28 05:13:46,890  INFO      httpx — HTTP Request: GET https://gfpezoxueqsrotisojip.supabase.co/rest/v1/accounts?select=id%2Cname%2Cdomain%2Cemail_domain&offset=19000&limit=1000 "HTTP/2 200 OK"
2026-05-28 05:13:47,710  INFO      httpx — HTTP Request: GET https://gfpezoxueqsrotisojip.supabase.co/rest/v1/accounts?select=id%2Cname%2Cdomain%2Cemail_domain&offset=20000&limit=1000 "HTTP/2 200 OK"
2026-05-28 05:13:48,363  INFO      httpx — HTTP Request: GET https://gfpezoxueqsrotisojip.supabase.co/rest/v1/accounts?select=id%2Cname%2Cdomain%2Cemail_domain&offset=21000&limit=1000 "HTTP/2 200 OK"
2026-05-28 05:13:49,042  INFO      httpx — HTTP Request: GET https://gfpezoxueqsrotisojip.supabase.co/rest/v1/accounts?select=id%2Cname%2Cdomain%2Cemail_domain&offset=22000&limit=1000 "HTTP/2 200 OK"
2026-05-28 05:13:49,655  INFO      httpx — HTTP Request: GET https://gfpezoxueqsrotisojip.supabase.co/rest/v1/accounts?select=id%2Cname%2Cdomain%2Cemail_domain&offset=23000&limit=1000 "HTTP/2 200 OK"
2026-05-28 05:13:50,190  INFO      httpx — HTTP Request: GET https://gfpezoxueqsrotisojip.supabase.co/rest/v1/accounts?select=id%2Cname%2Cdomain%2Cemail_domain&offset=24000&limit=1000 "HTTP/2 200 OK"
2026-05-28 05:13:50,731  INFO      httpx — HTTP Request: GET https://gfpezoxueqsrotisojip.supabase.co/rest/v1/accounts?select=id%2Cname%2Cdomain%2Cemail_domain&offset=25000&limit=1000 "HTTP/2 200 OK"
2026-05-28 05:13:51,232  INFO      httpx — HTTP Request: GET https://gfpezoxueqsrotisojip.supabase.co/rest/v1/accounts?select=id%2Cname%2Cdomain%2Cemail_domain&offset=26000&limit=1000 "HTTP/2 200 OK"
2026-05-28 05:13:51,775  INFO      httpx — HTTP Request: GET https://gfpezoxueqsrotisojip.supabase.co/rest/v1/accounts?select=id%2Cname%2Cdomain%2Cemail_domain&offset=27000&limit=1000 "HTTP/2 200 OK"
2026-05-28 05:13:51,846  INFO      resolver — resolver: preloaded 27903 accounts into cache
2026-05-28 05:13:51,846  INFO      gong_sync — gong: fetching calls 2026-02-26 → 2026-05-27
2026-05-28 05:13:54,294  INFO      httpx — HTTP Request: POST https://us-51250.api.gong.io/v2/calls/extensive "HTTP/1.1 200 OK"
2026-05-28 05:13:56,030  INFO      httpx — HTTP Request: POST https://us-51250.api.gong.io/v2/calls/extensive "HTTP/1.1 200 OK"
2026-05-28 05:13:57,002  INFO      httpx — HTTP Request: POST https://us-51250.api.gong.io/v2/calls/extensive "HTTP/1.1 200 OK"
2026-05-28 05:13:57,868  INFO      httpx — HTTP Request: POST https://us-51250.api.gong.io/v2/calls/extensive "HTTP/1.1 200 OK"
2026-05-28 05:13:59,995  INFO      httpx — HTTP Request: POST https://us-51250.api.gong.io/v2/calls/extensive "HTTP/1.1 200 OK"
2026-05-28 05:14:01,946  INFO      httpx — HTTP Request: POST https://us-51250.api.gong.io/v2/calls/extensive "HTTP/1.1 200 OK"
2026-05-28 05:14:02,702  INFO      httpx — HTTP Request: POST https://us-51250.api.gong.io/v2/calls/extensive "HTTP/1.1 200 OK"
2026-05-28 05:14:02,707  INFO      gong_sync — gong: 658 calls to process
2026-05-28 05:14:03,841  INFO      httpx — HTTP Request: POST https://gfpezoxueqsrotisojip.supabase.co/rest/v1/gong_calls?on_conflict=id&columns=%22id%22%2C%22trackers_hit%22%2C%22topics%22%2C%22title%22%2C%22key_points%22%2C%22account_id%22%2C%22duration_secs%22%2C%22action_items%22%2C%22started_at%22%2C%22raw%22%2C%22attendee_emails%22%2C%22speaker_names%22%2C%22synced_at%22%2C%22highlights%22%2C%22direction%22%2C%22call_url%22 "HTTP/2 200 OK"
2026-05-28 05:14:04,605  INFO      httpx — HTTP Request: POST https://gfpezoxueqsrotisojip.supabase.co/rest/v1/gong_calls?on_conflict=id&columns=%22id%22%2C%22trackers_hit%22%2C%22topics%22%2C%22title%22%2C%22key_points%22%2C%22account_id%22%2C%22duration_secs%22%2C%22action_items%22%2C%22started_at%22%2C%22raw%22%2C%22attendee_emails%22%2C%22speaker_names%22%2C%22synced_at%22%2C%22highlights%22%2C%22direction%22%2C%22call_url%22 "HTTP/2 200 OK"
2026-05-28 05:14:05,326  INFO      httpx — HTTP Request: POST https://gfpezoxueqsrotisojip.supabase.co/rest/v1/gong_calls?on_conflict=id&columns=%22id%22%2C%22trackers_hit%22%2C%22topics%22%2C%22title%22%2C%22key_points%22%2C%22account_id%22%2C%22duration_secs%22%2C%22action_items%22%2C%22started_at%22%2C%22raw%22%2C%22attendee_emails%22%2C%22speaker_names%22%2C%22synced_at%22%2C%22highlights%22%2C%22direction%22%2C%22call_url%22 "HTTP/2 200 OK"
2026-05-28 05:14:05,571  INFO      httpx — HTTP Request: POST https://gfpezoxueqsrotisojip.supabase.co/rest/v1/gong_calls?on_conflict=id&columns=%22id%22%2C%22trackers_hit%22%2C%22topics%22%2C%22title%22%2C%22key_points%22%2C%22account_id%22%2C%22duration_secs%22%2C%22action_items%22%2C%22started_at%22%2C%22raw%22%2C%22attendee_emails%22%2C%22speaker_names%22%2C%22synced_at%22%2C%22highlights%22%2C%22direction%22%2C%22call_url%22 "HTTP/2 200 OK"
2026-05-28 05:14:05,583  INFO      gong_sync — gong: upserted 658 calls
2026-05-28 05:14:05,585  INFO      gong_sync — gong sync done
2026-05-28 05:14:05,587  INFO      run_sync — ✓ gong sync complete
2026-05-28 05:14:05,587  INFO      run_sync — ▶ starting fireflies sync…
2026-05-28 05:14:05,592  INFO      fireflies_sync — fireflies sync starting…
2026-05-28 05:14:06,226  INFO      httpx — HTTP Request: GET https://gfpezoxueqsrotisojip.supabase.co/rest/v1/accounts?select=id%2Cname%2Cdomain%2Cemail_domain&offset=0&limit=1000 "HTTP/2 200 OK"
2026-05-28 05:14:06,610  INFO      httpx — HTTP Request: GET https://gfpezoxueqsrotisojip.supabase.co/rest/v1/accounts?select=id%2Cname%2Cdomain%2Cemail_domain&offset=1000&limit=1000 "HTTP/2 200 OK"
2026-05-28 05:14:06,844  INFO      httpx — HTTP Request: GET https://gfpezoxueqsrotisojip.supabase.co/rest/v1/accounts?select=id%2Cname%2Cdomain%2Cemail_domain&offset=2000&limit=1000 "HTTP/2 200 OK"
2026-05-28 05:14:07,079  INFO      httpx — HTTP Request: GET https://gfpezoxueqsrotisojip.supabase.co/rest/v1/accounts?select=id%2Cname%2Cdomain%2Cemail_domain&offset=3000&limit=1000 "HTTP/2 200 OK"
2026-05-28 05:14:07,308  INFO      httpx — HTTP Request: GET https://gfpezoxueqsrotisojip.supabase.co/rest/v1/accounts?select=id%2Cname%2Cdomain%2Cemail_domain&offset=4000&limit=1000 "HTTP/2 200 OK"
2026-05-28 05:14:07,549  INFO      httpx — HTTP Request: GET https://gfpezoxueqsrotisojip.supabase.co/rest/v1/accounts?select=id%2Cname%2Cdomain%2Cemail_domain&offset=5000&limit=1000 "HTTP/2 200 OK"
2026-05-28 05:14:07,782  INFO      httpx — HTTP Request: GET https://gfpezoxueqsrotisojip.supabase.co/rest/v1/accounts?select=id%2Cname%2Cdomain%2Cemail_domain&offset=6000&limit=1000 "HTTP/2 200 OK"
2026-05-28 05:14:08,018  INFO      httpx — HTTP Request: GET https://gfpezoxueqsrotisojip.supabase.co/rest/v1/accounts?select=id%2Cname%2Cdomain%2Cemail_domain&offset=7000&limit=1000 "HTTP/2 200 OK"
2026-05-28 05:14:08,255  INFO      httpx — HTTP Request: GET https://gfpezoxueqsrotisojip.supabase.co/rest/v1/accounts?select=id%2Cname%2Cdomain%2Cemail_domain&offset=8000&limit=1000 "HTTP/2 200 OK"
2026-05-28 05:14:08,489  INFO      httpx — HTTP Request: GET https://gfpezoxueqsrotisojip.supabase.co/rest/v1/accounts?select=id%2Cname%2Cdomain%2Cemail_domain&offset=9000&limit=1000 "HTTP/2 200 OK"
2026-05-28 05:14:08,713  INFO      httpx — HTTP Request: GET https://gfpezoxueqsrotisojip.supabase.co/rest/v1/accounts?select=id%2Cname%2Cdomain%2Cemail_domain&offset=10000&limit=1000 "HTTP/2 200 OK"
2026-05-28 05:14:08,965  INFO      httpx — HTTP Request: GET https://gfpezoxueqsrotisojip.supabase.co/rest/v1/accounts?select=id%2Cname%2Cdomain%2Cemail_domain&offset=11000&limit=1000 "HTTP/2 200 OK"
2026-05-28 05:14:09,202  INFO      httpx — HTTP Request: GET https://gfpezoxueqsrotisojip.supabase.co/rest/v1/accounts?select=id%2Cname%2Cdomain%2Cemail_domain&offset=12000&limit=1000 "HTTP/2 200 OK"
2026-05-28 05:14:09,438  INFO      httpx — HTTP Request: GET https://gfpezoxueqsrotisojip.supabase.co/rest/v1/accounts?select=id%2Cname%2Cdomain%2Cemail_domain&offset=13000&limit=1000 "HTTP/2 200 OK"
2026-05-28 05:14:09,673  INFO      httpx — HTTP Request: GET https://gfpezoxueqsrotisojip.supabase.co/rest/v1/accounts?select=id%2Cname%2Cdomain%2Cemail_domain&offset=14000&limit=1000 "HTTP/2 200 OK"
2026-05-28 05:14:09,899  INFO      httpx — HTTP Request: GET https://gfpezoxueqsrotisojip.supabase.co/rest/v1/accounts?select=id%2Cname%2Cdomain%2Cemail_domain&offset=15000&limit=1000 "HTTP/2 200 OK"
2026-05-28 05:14:10,171  INFO      httpx — HTTP Request: GET https://gfpezoxueqsrotisojip.supabase.co/rest/v1/accounts?select=id%2Cname%2Cdomain%2Cemail_domain&offset=16000&limit=1000 "HTTP/2 200 OK"
2026-05-28 05:14:10,407  INFO      httpx — HTTP Request: GET https://gfpezoxueqsrotisojip.supabase.co/rest/v1/accounts?select=id%2Cname%2Cdomain%2Cemail_domain&offset=17000&limit=1000 "HTTP/2 200 OK"
2026-05-28 05:14:10,642  INFO      httpx — HTTP Request: GET https://gfpezoxueqsrotisojip.supabase.co/rest/v1/accounts?select=id%2Cname%2Cdomain%2Cemail_domain&offset=18000&limit=1000 "HTTP/2 200 OK"
2026-05-28 05:14:10,906  INFO      httpx — HTTP Request: GET https://gfpezoxueqsrotisojip.supabase.co/rest/v1/accounts?select=id%2Cname%2Cdomain%2Cemail_domain&offset=19000&limit=1000 "HTTP/2 200 OK"
2026-05-28 05:14:11,146  INFO      httpx — HTTP Request: GET https://gfpezoxueqsrotisojip.supabase.co/rest/v1/accounts?select=id%2Cname%2Cdomain%2Cemail_domain&offset=20000&limit=1000 "HTTP/2 200 OK"
2026-05-28 05:14:11,383  INFO      httpx — HTTP Request: GET https://gfpezoxueqsrotisojip.supabase.co/rest/v1/accounts?select=id%2Cname%2Cdomain%2Cemail_domain&offset=21000&limit=1000 "HTTP/2 200 OK"
2026-05-28 05:14:11,610  INFO      httpx — HTTP Request: GET https://gfpezoxueqsrotisojip.supabase.co/rest/v1/accounts?select=id%2Cname%2Cdomain%2Cemail_domain&offset=22000&limit=1000 "HTTP/2 200 OK"
2026-05-28 05:14:11,847  INFO      httpx — HTTP Request: GET https://gfpezoxueqsrotisojip.supabase.co/rest/v1/accounts?select=id%2Cname%2Cdomain%2Cemail_domain&offset=23000&limit=1000 "HTTP/2 200 OK"
2026-05-28 05:14:12,093  INFO      httpx — HTTP Request: GET https://gfpezoxueqsrotisojip.supabase.co/rest/v1/accounts?select=id%2Cname%2Cdomain%2Cemail_domain&offset=24000&limit=1000 "HTTP/2 200 OK"
2026-05-28 05:14:12,326  INFO      httpx — HTTP Request: GET https://gfpezoxueqsrotisojip.supabase.co/rest/v1/accounts?select=id%2Cname%2Cdomain%2Cemail_domain&offset=25000&limit=1000 "HTTP/2 200 OK"
2026-05-28 05:14:12,572  INFO      httpx — HTTP Request: GET https://gfpezoxueqsrotisojip.supabase.co/rest/v1/accounts?select=id%2Cname%2Cdomain%2Cemail_domain&offset=26000&limit=1000 "HTTP/2 200 OK"
2026-05-28 05:14:12,799  INFO      httpx — HTTP Request: GET https://gfpezoxueqsrotisojip.supabase.co/rest/v1/accounts?select=id%2Cname%2Cdomain%2Cemail_domain&offset=27000&limit=1000 "HTTP/2 200 OK"
2026-05-28 05:14:12,820  INFO      resolver — resolver: preloaded 27903 accounts into cache
2026-05-28 05:14:12,821  INFO      fireflies_sync — fireflies: fetching transcripts 2026-02-26 → 2026-05-27
2026-05-28 05:14:18,493  INFO      httpx — HTTP Request: POST https://api.fireflies.ai/graphql "HTTP/1.1 200 OK"
2026-05-28 05:14:28,559  INFO      httpx — HTTP Request: POST https://api.fireflies.ai/graphql "HTTP/1.1 200 OK"
2026-05-28 05:14:34,709  INFO      httpx — HTTP Request: POST https://api.fireflies.ai/graphql "HTTP/1.1 200 OK"
2026-05-28 05:14:41,263  INFO      httpx — HTTP Request: POST https://api.fireflies.ai/graphql "HTTP/1.1 200 OK"
2026-05-28 05:14:44,034  INFO      httpx — HTTP Request: POST https://api.fireflies.ai/graphql "HTTP/1.1 200 OK"
2026-05-28 05:14:44,686  INFO      fireflies_sync — fireflies: 246 transcripts to process
2026-05-28 05:14:45,163  INFO      httpx — HTTP Request: GET https://gfpezoxueqsrotisojip.supabase.co/rest/v1/accounts?select=id&domain=eq.q2.com&limit=1 "HTTP/2 200 OK"
2026-05-28 05:14:45,457  INFO      httpx — HTTP Request: POST https://gfpezoxueqsrotisojip.supabase.co/rest/v1/accounts "HTTP/2 201 Created"
2026-05-28 05:14:45,459  INFO      resolver — created canonical account 'q2.com' (domain=q2.com) → 2ee19634-2391-48e1-b02b-76582e383864
2026-05-28 05:14:45,642  INFO      httpx — HTTP Request: GET https://gfpezoxueqsrotisojip.supabase.co/rest/v1/accounts?select=id&domain=eq.iterable.com&limit=1 "HTTP/2 200 OK"
2026-05-28 05:14:45,825  INFO      httpx — HTTP Request: POST https://gfpezoxueqsrotisojip.supabase.co/rest/v1/accounts "HTTP/2 201 Created"
2026-05-28 05:14:45,826  INFO      resolver — created canonical account 'iterable.com' (domain=iterable.com) → a996d9a7-8482-40c7-ab52-6ead60860a80
2026-05-28 05:14:46,038  INFO      httpx — HTTP Request: GET https://gfpezoxueqsrotisojip.supabase.co/rest/v1/accounts?select=id&domain=eq.horizon3.ai&limit=1 "HTTP/2 200 OK"
2026-05-28 05:14:46,259  INFO      httpx — HTTP Request: POST https://gfpezoxueqsrotisojip.supabase.co/rest/v1/accounts "HTTP/2 201 Created"
2026-05-28 05:14:46,261  INFO      resolver — created canonical account 'horizon3.ai' (domain=horizon3.ai) → 47e03b14-78d3-4c65-91e8-c2801eedaf85
2026-05-28 05:14:46,505  INFO      httpx — HTTP Request: GET https://gfpezoxueqsrotisojip.supabase.co/rest/v1/accounts?select=id&domain=eq.checkpoint.com&limit=1 "HTTP/2 200 OK"
2026-05-28 05:14:46,774  INFO      httpx — HTTP Request: GET https://gfpezoxueqsrotisojip.supabase.co/rest/v1/accounts?select=id&name=ilike.Letizia+Manzieri&limit=1 "HTTP/2 200 OK"
2026-05-28 05:14:46,988  INFO      httpx — HTTP Request: POST https://gfpezoxueqsrotisojip.supabase.co/rest/v1/accounts "HTTP/2 201 Created"
2026-05-28 05:14:46,990  INFO      resolver — created canonical account 'Letizia Manzieri' (domain=checkpoint.com) → 8b3021fa-8bdd-46ce-a98e-2817c6c4a645
2026-05-28 05:14:47,171  INFO      httpx — HTTP Request: GET https://gfpezoxueqsrotisojip.supabase.co/rest/v1/accounts?select=id&domain=eq.ruckusnetworks.com&limit=1 "HTTP/2 200 OK"
2026-05-28 05:14:47,348  INFO      httpx — HTTP Request: POST https://gfpezoxueqsrotisojip.supabase.co/rest/v1/accounts "HTTP/2 201 Created"
2026-05-28 05:14:47,348  INFO      resolver — created canonical account 'ruckusnetworks.com' (domain=ruckusnetworks.com) → b3beec48-b3a7-496e-8e9c-0bb27a27345b
2026-05-28 05:14:47,543  INFO      httpx — HTTP Request: GET https://gfpezoxueqsrotisojip.supabase.co/rest/v1/accounts?select=id&domain=eq.troweprice.com&limit=1 "HTTP/2 200 OK"
2026-05-28 05:14:47,733  INFO      httpx — HTTP Request: GET https://gfpezoxueqsrotisojip.supabase.co/rest/v1/accounts?select=id&name=ilike.Martin%2C+Eilidh&limit=1 "HTTP/2 200 OK"
2026-05-28 05:14:48,063  INFO      httpx — HTTP Request: POST https://gfpezoxueqsrotisojip.supabase.co/rest/v1/accounts "HTTP/2 201 Created"
2026-05-28 05:14:48,065  INFO      resolver — created canonical account 'Martin, Eilidh' (domain=troweprice.com) → a6149d6a-2abe-4f62-b779-29f9d954e6e8
2026-05-28 05:14:48,251  INFO      httpx — HTTP Request: GET https://gfpezoxueqsrotisojip.supabase.co/rest/v1/accounts?select=id&domain=eq.findhelp.com&limit=1 "HTTP/2 200 OK"
2026-05-28 05:14:48,446  INFO      httpx — HTTP Request: POST https://gfpezoxueqsrotisojip.supabase.co/rest/v1/accounts "HTTP/2 201 Created"
2026-05-28 05:14:48,447  INFO      resolver — created canonical account 'findhelp.com' (domain=findhelp.com) → 438ed105-3c1e-44b0-a16a-be9ca3fdb9ea
2026-05-28 05:14:48,630  INFO      httpx — HTTP Request: GET https://gfpezoxueqsrotisojip.supabase.co/rest/v1/accounts?select=id&domain=eq.stripe.com&limit=1 "HTTP/2 200 OK"
2026-05-28 05:14:48,815  INFO      httpx — HTTP Request: POST https://gfpezoxueqsrotisojip.supabase.co/rest/v1/accounts "HTTP/2 201 Created"
2026-05-28 05:14:48,815  INFO      resolver — created canonical account 'stripe.com' (domain=stripe.com) → 59db5ea8-88dd-40a1-91e0-4f1a9f4c90e3
2026-05-28 05:14:49,011  INFO      httpx — HTTP Request: GET https://gfpezoxueqsrotisojip.supabase.co/rest/v1/accounts?select=id&domain=eq.turnitin.com&limit=1 "HTTP/2 200 OK"
2026-05-28 05:14:49,207  INFO      httpx — HTTP Request: POST https://gfpezoxueqsrotisojip.supabase.co/rest/v1/accounts "HTTP/2 201 Created"
2026-05-28 05:14:49,208  INFO      resolver — created canonical account 'turnitin.com' (domain=turnitin.com) → bf860e92-04e0-4978-9379-8c6c47630832
2026-05-28 05:14:49,413  INFO      httpx — HTTP Request: GET https://gfpezoxueqsrotisojip.supabase.co/rest/v1/accounts?select=id&domain=eq.plaid.com&limit=1 "HTTP/2 200 OK"
2026-05-28 05:14:49,675  INFO      httpx — HTTP Request: GET https://gfpezoxueqsrotisojip.supabase.co/rest/v1/accounts?select=id&name=ilike.Liz+Reddinger&limit=1 "HTTP/2 200 OK"
2026-05-28 05:14:49,861  INFO      httpx — HTTP Request: POST https://gfpezoxueqsrotisojip.supabase.co/rest/v1/accounts "HTTP/2 201 Created"
2026-05-28 05:14:49,862  INFO      resolver — created canonical account 'Liz Reddinger' (domain=plaid.com) → 2273c709-fae8-4405-83f8-284919e442db
2026-05-28 05:14:50,054  INFO      httpx — HTTP Request: GET https://gfpezoxueqsrotisojip.supabase.co/rest/v1/accounts?select=id&domain=eq.unqork.com&limit=1 "HTTP/2 200 OK"
2026-05-28 05:14:50,299  INFO      httpx — HTTP Request: POST https://gfpezoxueqsrotisojip.supabase.co/rest/v1/accounts "HTTP/2 201 Created"
2026-05-28 05:14:50,301  INFO      resolver — created canonical account 'unqork.com' (domain=unqork.com) → 14f0e600-c32a-4147-94df-f510d90f45d1
2026-05-28 05:14:50,535  INFO      httpx — HTTP Request: GET https://gfpezoxueqsrotisojip.supabase.co/rest/v1/accounts?select=id&domain=eq.quantummetric.com&limit=1 "HTTP/2 200 OK"
2026-05-28 05:14:50,756  INFO      httpx — HTTP Request: POST https://gfpezoxueqsrotisojip.supabase.co/rest/v1/accounts "HTTP/2 201 Created"
2026-05-28 05:14:50,758  INFO      resolver — created canonical account 'quantummetric.com' (domain=quantummetric.com) → 6271f76c-091b-43b0-a73f-5c21694f6b37
2026-05-28 05:14:50,940  INFO      httpx — HTTP Request: GET https://gfpezoxueqsrotisojip.supabase.co/rest/v1/accounts?select=id&domain=eq.varicent.com&limit=1 "HTTP/2 200 OK"
2026-05-28 05:14:51,117  INFO      httpx — HTTP Request: POST https://gfpezoxueqsrotisojip.supabase.co/rest/v1/accounts "HTTP/2 201 Created"
2026-05-28 05:14:51,117  INFO      resolver — created canonical account 'varicent.com' (domain=varicent.com) → df94499b-8752-4a7f-aeba-ace73ea6896b
2026-05-28 05:14:51,295  INFO      httpx — HTTP Request: GET https://gfpezoxueqsrotisojip.supabase.co/rest/v1/accounts?select=id&domain=eq.arize.com&limit=1 "HTTP/2 200 OK"
2026-05-28 05:14:51,510  INFO      httpx — HTTP Request: POST https://gfpezoxueqsrotisojip.supabase.co/rest/v1/accounts "HTTP/2 201 Created"
2026-05-28 05:14:51,511  INFO      resolver — created canonical account 'arize.com' (domain=arize.com) → 813511e0-0365-4e1d-9b5a-c5e179b7c429
2026-05-28 05:14:51,693  INFO      httpx — HTTP Request: GET https://gfpezoxueqsrotisojip.supabase.co/rest/v1/accounts?select=id&domain=eq.rtbhouse.com&limit=1 "HTTP/2 200 OK"
2026-05-28 05:14:51,879  INFO      httpx — HTTP Request: POST https://gfpezoxueqsrotisojip.supabase.co/rest/v1/accounts "HTTP/2 201 Created"
2026-05-28 05:14:51,881  INFO      resolver — created canonical account 'rtbhouse.com' (domain=rtbhouse.com) → 4dc4ade7-930c-4a9e-946b-e7d6494fa573
2026-05-28 05:14:52,067  INFO      httpx — HTTP Request: GET https://gfpezoxueqsrotisojip.supabase.co/rest/v1/accounts?select=id&domain=eq.gomotive.com&limit=1 "HTTP/2 200 OK"
2026-05-28 05:14:52,260  INFO      httpx — HTTP Request: POST https://gfpezoxueqsrotisojip.supabase.co/rest/v1/accounts "HTTP/2 201 Created"
2026-05-28 05:14:52,262  INFO      resolver — created canonical account 'gomotive.com' (domain=gomotive.com) → c065b145-2ecc-4335-ae6c-32bf111491ce
2026-05-28 05:14:52,447  INFO      httpx — HTTP Request: GET https://gfpezoxueqsrotisojip.supabase.co/rest/v1/accounts?select=id&domain=eq.posit.co&limit=1 "HTTP/2 200 OK"
2026-05-28 05:14:52,628  INFO      httpx — HTTP Request: POST https://gfpezoxueqsrotisojip.supabase.co/rest/v1/accounts "HTTP/2 201 Created"
2026-05-28 05:14:52,629  INFO      resolver — created canonical account 'posit.co' (domain=posit.co) → 7552d461-a8cc-44e8-8451-7db43d94e304
2026-05-28 05:14:52,806  INFO      httpx — HTTP Request: GET https://gfpezoxueqsrotisojip.supabase.co/rest/v1/accounts?select=id&domain=eq.seabird.com&limit=1 "HTTP/2 200 OK"
2026-05-28 05:14:52,988  INFO      httpx — HTTP Request: POST https://gfpezoxueqsrotisojip.supabase.co/rest/v1/accounts "HTTP/2 201 Created"
2026-05-28 05:14:52,989  INFO      resolver — created canonical account 'seabird.com' (domain=seabird.com) → 7b2c1d83-56a2-46b3-8877-76da21072a62
2026-05-28 05:14:53,176  INFO      httpx — HTTP Request: GET https://gfpezoxueqsrotisojip.supabase.co/rest/v1/accounts?select=id&domain=eq.smartly.io&limit=1 "HTTP/2 200 OK"
2026-05-28 05:14:53,360  INFO      httpx — HTTP Request: POST https://gfpezoxueqsrotisojip.supabase.co/rest/v1/accounts "HTTP/2 201 Created"
2026-05-28 05:14:53,361  INFO      resolver — created canonical account 'smartly.io' (domain=smartly.io) → 6b049996-cb47-4534-a6af-b5559c733039
2026-05-28 05:14:53,538  INFO      httpx — HTTP Request: GET https://gfpezoxueqsrotisojip.supabase.co/rest/v1/accounts?select=id&domain=eq.underarmour.com&limit=1 "HTTP/2 200 OK"
2026-05-28 05:14:53,798  INFO      httpx — HTTP Request: POST https://gfpezoxueqsrotisojip.supabase.co/rest/v1/accounts "HTTP/2 201 Created"
2026-05-28 05:14:53,800  INFO      resolver — created canonical account 'underarmour.com' (domain=underarmour.com) → fa957dd4-0272-45b2-a6fa-3c8140bff2a5
2026-05-28 05:14:53,986  INFO      httpx — HTTP Request: GET https://gfpezoxueqsrotisojip.supabase.co/rest/v1/accounts?select=id&domain=eq.fullscript.com&limit=1 "HTTP/2 200 OK"
2026-05-28 05:14:54,166  INFO      httpx — HTTP Request: POST https://gfpezoxueqsrotisojip.supabase.co/rest/v1/accounts "HTTP/2 201 Created"
2026-05-28 05:14:54,166  INFO      resolver — created canonical account 'fullscript.com' (domain=fullscript.com) → bff4a389-502e-4f3b-bc55-c9f12abf8d03
2026-05-28 05:14:54,341  INFO      httpx — HTTP Request: GET https://gfpezoxueqsrotisojip.supabase.co/rest/v1/accounts?select=id&domain=eq.affinity.co&limit=1 "HTTP/2 200 OK"
2026-05-28 05:14:54,522  INFO      httpx — HTTP Request: POST https://gfpezoxueqsrotisojip.supabase.co/rest/v1/accounts "HTTP/2 201 Created"
2026-05-28 05:14:54,523  INFO      resolver — created canonical account 'affinity.co' (domain=affinity.co) → 22febef3-2be8-4b0d-a486-c393ebcfe594
2026-05-28 05:14:54,712  INFO      httpx — HTTP Request: GET https://gfpezoxueqsrotisojip.supabase.co/rest/v1/accounts?select=id&domain=eq.casestatus.com&limit=1 "HTTP/2 200 OK"
2026-05-28 05:14:54,901  INFO      httpx — HTTP Request: POST https://gfpezoxueqsrotisojip.supabase.co/rest/v1/accounts "HTTP/2 201 Created"
2026-05-28 05:14:54,903  INFO      resolver — created canonical account 'casestatus.com' (domain=casestatus.com) → 247fbc3d-bdab-477b-82ac-de0193050097
2026-05-28 05:14:55,084  INFO      httpx — HTTP Request: GET https://gfpezoxueqsrotisojip.supabase.co/rest/v1/accounts?select=id&domain=eq.grafana.com&limit=1 "HTTP/2 200 OK"
2026-05-28 05:14:55,267  INFO      httpx — HTTP Request: POST https://gfpezoxueqsrotisojip.supabase.co/rest/v1/accounts "HTTP/2 201 Created"
2026-05-28 05:14:55,268  INFO      resolver — created canonical account 'grafana.com' (domain=grafana.com) → ebb80872-a495-4472-b898-6efad254083b
2026-05-28 05:14:55,449  INFO      httpx — HTTP Request: GET https://gfpezoxueqsrotisojip.supabase.co/rest/v1/accounts?select=id&domain=eq.kinective.io&limit=1 "HTTP/2 200 OK"
2026-05-28 05:14:55,677  INFO      httpx — HTTP Request: GET https://gfpezoxueqsrotisojip.supabase.co/rest/v1/accounts?select=id&name=ilike.Michelle+Nunez+%28US+-+Utah%29&limit=1 "HTTP/2 200 OK"
2026-05-28 05:14:55,868  INFO      httpx — HTTP Request: POST https://gfpezoxueqsrotisojip.supabase.co/rest/v1/accounts "HTTP/2 201 Created"
2026-05-28 05:14:55,870  INFO      resolver — created canonical account 'Michelle Nunez (US - Utah)' (domain=kinective.io) → b2d5a76a-e3a2-426b-999e-eeeeedebd515
2026-05-28 05:14:56,048  INFO      httpx — HTTP Request: GET https://gfpezoxueqsrotisojip.supabase.co/rest/v1/accounts?select=id&domain=eq.goconsensus.com&limit=1 "HTTP/2 200 OK"
2026-05-28 05:14:56,233  INFO      httpx — HTTP Request: POST https://gfpezoxueqsrotisojip.supabase.co/rest/v1/accounts "HTTP/2 201 Created"
2026-05-28 05:14:56,235  INFO      resolver — created canonical account 'goconsensus.com' (domain=goconsensus.com) → b997a28d-2e2b-4f62-80d5-68a2d78f5904
2026-05-28 05:14:56,423  INFO      httpx — HTTP Request: GET https://gfpezoxueqsrotisojip.supabase.co/rest/v1/accounts?select=id&domain=eq.safetywing.com&limit=1 "HTTP/2 200 OK"
2026-05-28 05:14:56,607  INFO      httpx — HTTP Request: POST https://gfpezoxueqsrotisojip.supabase.co/rest/v1/accounts "HTTP/2 201 Created"
2026-05-28 05:14:56,607  INFO      resolver — created canonical account 'safetywing.com' (domain=safetywing.com) → 1f556a5a-9a2d-4363-94db-59bb756b93fb
2026-05-28 05:14:56,780  INFO      httpx — HTTP Request: GET https://gfpezoxueqsrotisojip.supabase.co/rest/v1/accounts?select=id&domain=eq.sonarsource.com&limit=1 "HTTP/2 200 OK"
2026-05-28 05:14:56,975  INFO      httpx — HTTP Request: POST https://gfpezoxueqsrotisojip.supabase.co/rest/v1/accounts "HTTP/2 201 Created"
2026-05-28 05:14:56,977  INFO      resolver — created canonical account 'sonarsource.com' (domain=sonarsource.com) → 35df19a3-3847-443a-bd3c-f185e35fc518
2026-05-28 05:14:57,154  INFO      httpx — HTTP Request: GET https://gfpezoxueqsrotisojip.supabase.co/rest/v1/accounts?select=id&domain=eq.tryprofound.com&limit=1 "HTTP/2 200 OK"
2026-05-28 05:14:57,333  INFO      httpx — HTTP Request: POST https://gfpezoxueqsrotisojip.supabase.co/rest/v1/accounts "HTTP/2 201 Created"
2026-05-28 05:14:57,335  INFO      resolver — created canonical account 'tryprofound.com' (domain=tryprofound.com) → 1b9c93e9-4f25-4cef-b69b-84edc34a02b9
2026-05-28 05:14:57,518  INFO      httpx — HTTP Request: GET https://gfpezoxueqsrotisojip.supabase.co/rest/v1/accounts?select=id&domain=eq.duel.tech&limit=1 "HTTP/2 200 OK"
2026-05-28 05:14:57,703  INFO      httpx — HTTP Request: POST https://gfpezoxueqsrotisojip.supabase.co/rest/v1/accounts "HTTP/2 201 Created"
2026-05-28 05:14:57,705  INFO      resolver — created canonical account 'duel.tech' (domain=duel.tech) → ded4f28d-d475-430c-a2a0-e0d497337b09
2026-05-28 05:14:57,891  INFO      httpx — HTTP Request: GET https://gfpezoxueqsrotisojip.supabase.co/rest/v1/accounts?select=id&domain=eq.absolute.com&limit=1 "HTTP/2 200 OK"
2026-05-28 05:14:58,262  INFO      httpx — HTTP Request: POST https://gfpezoxueqsrotisojip.supabase.co/rest/v1/accounts "HTTP/2 201 Created"
2026-05-28 05:14:58,264  INFO      resolver — created canonical account 'absolute.com' (domain=absolute.com) → 4249e958-0a86-4bf9-914b-984c30a7bcb4
2026-05-28 05:14:58,450  INFO      httpx — HTTP Request: GET https://gfpezoxueqsrotisojip.supabase.co/rest/v1/accounts?select=id&domain=eq.aeratechnology.com&limit=1 "HTTP/2 200 OK"
2026-05-28 05:14:58,703  INFO      httpx — HTTP Request: POST https://gfpezoxueqsrotisojip.supabase.co/rest/v1/accounts "HTTP/2 201 Created"
2026-05-28 05:14:58,705  INFO      resolver — created canonical account 'aeratechnology.com' (domain=aeratechnology.com) → 7ca252e7-a3b5-4c4d-b5c6-ce03abfe15d7
2026-05-28 05:14:59,179  INFO      httpx — HTTP Request: GET https://gfpezoxueqsrotisojip.supabase.co/rest/v1/accounts?select=id&domain=eq.bigcommerce.com&limit=1 "HTTP/2 200 OK"
2026-05-28 05:14:59,516  INFO      httpx — HTTP Request: POST https://gfpezoxueqsrotisojip.supabase.co/rest/v1/accounts "HTTP/2 201 Created"
2026-05-28 05:14:59,518  INFO      resolver — created canonical account 'bigcommerce.com' (domain=bigcommerce.com) → 80b8306b-c725-4674-8086-53f882f23cc9
2026-05-28 05:15:00,107  INFO      httpx — HTTP Request: GET https://gfpezoxueqsrotisojip.supabase.co/rest/v1/accounts?select=id&domain=eq.70facesmedia.org&limit=1 "HTTP/2 200 OK"
2026-05-28 05:15:00,814  INFO      httpx — HTTP Request: POST https://gfpezoxueqsrotisojip.supabase.co/rest/v1/accounts "HTTP/2 201 Created"
2026-05-28 05:15:00,815  INFO      resolver — created canonical account '70facesmedia.org' (domain=70facesmedia.org) → d5fc4775-b0f0-4e0b-9d76-64e56c8e3928
2026-05-28 05:15:01,132  INFO      httpx — HTTP Request: GET https://gfpezoxueqsrotisojip.supabase.co/rest/v1/accounts?select=id&domain=eq.saaslabs.co&limit=1 "HTTP/2 200 OK"
2026-05-28 05:15:01,485  INFO      httpx — HTTP Request: POST https://gfpezoxueqsrotisojip.supabase.co/rest/v1/accounts "HTTP/2 201 Created"
2026-05-28 05:15:01,486  INFO      resolver — created canonical account 'saaslabs.co' (domain=saaslabs.co) → 5125498d-f3f4-494e-86f2-0f28fab6a618
2026-05-28 05:15:01,743  INFO      httpx — HTTP Request: GET https://gfpezoxueqsrotisojip.supabase.co/rest/v1/accounts?select=id&domain=eq.growfin.ai&limit=1 "HTTP/2 200 OK"
2026-05-28 05:15:02,084  INFO      httpx — HTTP Request: POST https://gfpezoxueqsrotisojip.supabase.co/rest/v1/accounts "HTTP/2 201 Created"
2026-05-28 05:15:02,087  INFO      resolver — created canonical account 'growfin.ai' (domain=growfin.ai) → 62b8b86a-f2c8-4076-9bd5-c9734e4dc1da
2026-05-28 05:15:02,312  INFO      httpx — HTTP Request: GET https://gfpezoxueqsrotisojip.supabase.co/rest/v1/accounts?select=id&domain=eq.cin7.com&limit=1 "HTTP/2 200 OK"
2026-05-28 05:15:02,493  INFO      httpx — HTTP Request: POST https://gfpezoxueqsrotisojip.supabase.co/rest/v1/accounts "HTTP/2 201 Created"
2026-05-28 05:15:02,495  INFO      resolver — created canonical account 'cin7.com' (domain=cin7.com) → a972d159-6d62-44a3-ad6b-0f573f66ea0c
2026-05-28 05:15:02,680  INFO      httpx — HTTP Request: GET https://gfpezoxueqsrotisojip.supabase.co/rest/v1/accounts?select=id&domain=eq.clay.com&limit=1 "HTTP/2 200 OK"
2026-05-28 05:15:02,869  INFO      httpx — HTTP Request: POST https://gfpezoxueqsrotisojip.supabase.co/rest/v1/accounts "HTTP/2 201 Created"
2026-05-28 05:15:02,869  INFO      resolver — created canonical account 'clay.com' (domain=clay.com) → 86c63f7a-3965-4980-b282-8e641bac9ffa
2026-05-28 05:15:03,047  INFO      httpx — HTTP Request: GET https://gfpezoxueqsrotisojip.supabase.co/rest/v1/accounts?select=id&domain=eq.zenoti.com&limit=1 "HTTP/2 200 OK"
2026-05-28 05:15:03,229  INFO      httpx — HTTP Request: POST https://gfpezoxueqsrotisojip.supabase.co/rest/v1/accounts "HTTP/2 201 Created"
2026-05-28 05:15:03,231  INFO      resolver — created canonical account 'zenoti.com' (domain=zenoti.com) → 30b01373-5861-4990-ac69-1f410b25112d
2026-05-28 05:15:03,415  INFO      httpx — HTTP Request: GET https://gfpezoxueqsrotisojip.supabase.co/rest/v1/accounts?select=id&domain=eq.blackduck.com&limit=1 "HTTP/2 200 OK"
2026-05-28 05:15:03,607  INFO      httpx — HTTP Request: POST https://gfpezoxueqsrotisojip.supabase.co/rest/v1/accounts "HTTP/2 201 Created"
2026-05-28 05:15:03,609  INFO      resolver — created canonical account 'blackduck.com' (domain=blackduck.com) → e6fb7449-5e1b-4827-98ba-3e2244a0339f
2026-05-28 05:15:03,789  INFO      httpx — HTTP Request: GET https://gfpezoxueqsrotisojip.supabase.co/rest/v1/accounts?select=id&domain=eq.cribl.io&limit=1 "HTTP/2 200 OK"
2026-05-28 05:15:03,969  INFO      httpx — HTTP Request: POST https://gfpezoxueqsrotisojip.supabase.co/rest/v1/accounts "HTTP/2 201 Created"
2026-05-28 05:15:03,970  INFO      resolver — created canonical account 'cribl.io' (domain=cribl.io) → 7e8c7bfd-fa65-4f68-b494-092686548b3a
2026-05-28 05:15:04,192  INFO      httpx — HTTP Request: GET https://gfpezoxueqsrotisojip.supabase.co/rest/v1/accounts?select=id&domain=eq.gallup.com&limit=1 "HTTP/2 200 OK"
2026-05-28 05:15:04,409  INFO      httpx — HTTP Request: POST https://gfpezoxueqsrotisojip.supabase.co/rest/v1/accounts "HTTP/2 201 Created"
2026-05-28 05:15:04,411  INFO      resolver — created canonical account 'gallup.com' (domain=gallup.com) → 58a6e656-81d2-4c8b-b293-006826534ed9
2026-05-28 05:15:04,607  INFO      httpx — HTTP Request: GET https://gfpezoxueqsrotisojip.supabase.co/rest/v1/accounts?select=id&domain=eq.ttecdigital.com&limit=1 "HTTP/2 200 OK"
2026-05-28 05:15:04,798  INFO      httpx — HTTP Request: POST https://gfpezoxueqsrotisojip.supabase.co/rest/v1/accounts "HTTP/2 201 Created"
2026-05-28 05:15:04,799  INFO      resolver — created canonical account 'ttecdigital.com' (domain=ttecdigital.com) → 740516f0-278f-47e6-8e60-d6cc5af0c388
2026-05-28 05:15:04,999  INFO      httpx — HTTP Request: GET https://gfpezoxueqsrotisojip.supabase.co/rest/v1/accounts?select=id&domain=eq.accessintel.com&limit=1 "HTTP/2 200 OK"
2026-05-28 05:15:05,184  INFO      httpx — HTTP Request: POST https://gfpezoxueqsrotisojip.supabase.co/rest/v1/accounts "HTTP/2 201 Created"
2026-05-28 05:15:05,186  INFO      resolver — created canonical account 'accessintel.com' (domain=accessintel.com) → 9063fced-7918-4367-b1dd-c648d35c63eb
2026-05-28 05:15:05,373  INFO      httpx — HTTP Request: GET https://gfpezoxueqsrotisojip.supabase.co/rest/v1/accounts?select=id&domain=eq.ziphq.com&limit=1 "HTTP/2 200 OK"
2026-05-28 05:15:05,585  INFO      httpx — HTTP Request: POST https://gfpezoxueqsrotisojip.supabase.co/rest/v1/accounts "HTTP/2 201 Created"
2026-05-28 05:15:05,587  INFO      resolver — created canonical account 'ziphq.com' (domain=ziphq.com) → f2886a0a-8609-4c68-b6d9-9cd7001e857d
2026-05-28 05:15:05,842  INFO      httpx — HTTP Request: GET https://gfpezoxueqsrotisojip.supabase.co/rest/v1/accounts?select=id&domain=eq.ashbyhq.com&limit=1 "HTTP/2 200 OK"
2026-05-28 05:15:06,051  INFO      httpx — HTTP Request: POST https://gfpezoxueqsrotisojip.supabase.co/rest/v1/accounts "HTTP/2 201 Created"
2026-05-28 05:15:06,053  INFO      resolver — created canonical account 'ashbyhq.com' (domain=ashbyhq.com) → 68ff3cce-3c9f-4dfd-b18f-1ba3d0edc9c6
2026-05-28 05:15:06,251  INFO      httpx — HTTP Request: GET https://gfpezoxueqsrotisojip.supabase.co/rest/v1/accounts?select=id&domain=eq.mistral.ai&limit=1 "HTTP/2 200 OK"
2026-05-28 05:15:06,764  INFO      httpx — HTTP Request: POST https://gfpezoxueqsrotisojip.supabase.co/rest/v1/accounts "HTTP/2 201 Created"
2026-05-28 05:15:06,766  INFO      resolver — created canonical account 'mistral.ai' (domain=mistral.ai) → 76712e00-d6c5-4056-9dfd-bb22d480c2cb
2026-05-28 05:15:07,058  INFO      httpx — HTTP Request: GET https://gfpezoxueqsrotisojip.supabase.co/rest/v1/accounts?select=id&domain=eq.finalsite.com&limit=1 "HTTP/2 200 OK"
2026-05-28 05:15:07,308  INFO      httpx — HTTP Request: POST https://gfpezoxueqsrotisojip.supabase.co/rest/v1/accounts "HTTP/2 201 Created"
2026-05-28 05:15:07,310  INFO      resolver — created canonical account 'finalsite.com' (domain=finalsite.com) → 467c3ad6-d67c-4fb1-b338-1a9533d37b7b
2026-05-28 05:15:07,583  INFO      httpx — HTTP Request: GET https://gfpezoxueqsrotisojip.supabase.co/rest/v1/accounts?select=id&domain=eq.sui.io&limit=1 "HTTP/2 200 OK"
2026-05-28 05:15:07,992  INFO      httpx — HTTP Request: POST https://gfpezoxueqsrotisojip.supabase.co/rest/v1/accounts "HTTP/2 201 Created"
2026-05-28 05:15:07,994  INFO      resolver — created canonical account 'sui.io' (domain=sui.io) → 54b096e3-1c94-4758-8251-3ea0f1463c53
2026-05-28 05:15:12,884  INFO      httpx — HTTP Request: POST https://gfpezoxueqsrotisojip.supabase.co/rest/v1/fireflies_meetings?on_conflict=id&columns=%22id%22%2C%22participant_emails%22%2C%22summary%22%2C%22title%22%2C%22date%22%2C%22organizer_email%22%2C%22account_id%22%2C%22duration_secs%22%2C%22action_items%22%2C%22key_questions%22%2C%22raw%22%2C%22synced_at%22%2C%22outline%22 "HTTP/2 200 OK"
2026-05-28 05:15:16,052  INFO      httpx — HTTP Request: POST https://gfpezoxueqsrotisojip.supabase.co/rest/v1/fireflies_meetings?on_conflict=id&columns=%22id%22%2C%22participant_emails%22%2C%22summary%22%2C%22title%22%2C%22date%22%2C%22organizer_email%22%2C%22account_id%22%2C%22duration_secs%22%2C%22action_items%22%2C%22key_questions%22%2C%22raw%22%2C%22synced_at%22%2C%22outline%22 "HTTP/2 200 OK"
2026-05-28 05:15:16,197  INFO      fireflies_sync — fireflies: upserted 246 transcripts
2026-05-28 05:15:16,198  INFO      fireflies_sync — fireflies sync done
2026-05-28 05:15:16,200  INFO      run_sync — ✓ fireflies sync complete
[2026-05-28 05:15:16] Conversation sync done.
[2026-05-28 05:15:16] Running agent (cli.py run)...
[2026-05-28 05:15:16] ⚠️  Agent exited with code 1. Check ./watch_and_run.log for details.
[2026-05-28 05:15:16] === Watcher done ===
